,qidx,recall,searchTime,host,gt_file,dset_size,argsn,vectorindex
0,0,0.9,2501922,fractals-1,/mnt/nas1/fvs_benchmark_datasets/deep-2M-gt-1000.npy,2000000,2M,hnsw
1,1,1.0,2710316,fractals-1,/mnt/nas1/fvs_benchmark_datasets/deep-2M-gt-1000.npy,2000000,2M,hnsw
2,2,1.0,2892585,fractals-1,/mnt/nas1/fvs_benchmark_datasets/deep-2M-gt-1000.npy,2000000,2M,hnsw
3,3,1.0,3368241,fractals-1,/mnt/nas1/fvs_benchmark_datasets/deep-2M-gt-1000.npy,2000000,2M,hnsw
4,4,1.0,1879108,fractals-1,/mnt/nas1/fvs_benchmark_datasets/deep-2M-gt-1000.npy,2000000,2M,hnsw
5,5,1.0,2394081,fractals-1,/mnt/nas1/fvs_benchmark_datasets/deep-2M-gt-1000.npy,2000000,2M,hnsw
6,6,1.0,1304015,fractals-1,/mnt/nas1/fvs_benchmark_datasets/deep-2M-gt-1000.npy,2000000,2M,hnsw
7,7,1.0,2782619,fractals-1,/mnt/nas1/fvs_benchmark_datasets/deep-2M-gt-1000.npy,2000000,2M,hnsw
8,8,1.0,3623616,fractals-1,/mnt/nas1/fvs_benchmark_datasets/deep-2M-gt-1000.npy,2000000,2M,hnsw
9,9,1.0,2279551,fractals-1,/mnt/nas1/fvs_benchmark_datasets/deep-2M-gt-1000.npy,2000000,2M,hnsw
10,10,1.0,3516567,fractals-1,/mnt/nas1/fvs_benchmark_datasets/deep-2M-gt-1000.npy,2000000,2M,hnsw
11,11,1.0,2021958,fractals-1,/mnt/nas1/fvs_benchmark_datasets/deep-2M-gt-1000.npy,2000000,2M,hnsw
12,12,1.0,2241367,fractals-1,/mnt/nas1/fvs_benchmark_datasets/deep-2M-gt-1000.npy,2000000,2M,hnsw
13,13,1.0,2347276,fractals-1,/mnt/nas1/fvs_benchmark_datasets/deep-2M-gt-1000.npy,2000000,2M,hnsw
14,14,1.0,2644637,fractals-1,/mnt/nas1/fvs_benchmark_datasets/deep-2M-gt-1000.npy,2000000,2M,hnsw
15,15,1.0,2052366,fractals-1,/mnt/nas1/fvs_benchmark_datasets/deep-2M-gt-1000.npy,2000000,2M,hnsw
16,16,1.0,1393133,fractals-1,/mnt/nas1/fvs_benchmark_datasets/deep-2M-gt-1000.npy,2000000,2M,hnsw
17,17,1.0,2101453,fractals-1,/mnt/nas1/fvs_benchmark_datasets/deep-2M-gt-1000.npy,2000000,2M,hnsw
18,18,1.0,2295548,fractals-1,/mnt/nas1/fvs_benchmark_datasets/deep-2M-gt-1000.npy,2000000,2M,hnsw
19,19,1.0,2086604,fractals-1,/mnt/nas1/fvs_benchmark_datasets/deep-2M-gt-1000.npy,2000000,2M,hnsw
20,20,1.0,1504819,fractals-1,/mnt/nas1/fvs_benchmark_datasets/deep-2M-gt-1000.npy,2000000,2M,hnsw
21,21,1.0,1622882,fractals-1,/mnt/nas1/fvs_benchmark_datasets/deep-2M-gt-1000.npy,2000000,2M,hnsw
22,22,1.0,4440264,fractals-1,/mnt/nas1/fvs_benchmark_datasets/deep-2M-gt-1000.npy,2000000,2M,hnsw
23,23,1.0,2845723,fractals-1,/mnt/nas1/fvs_benchmark_datasets/deep-2M-gt-1000.npy,2000000,2M,hnsw
24,24,1.0,6385886,fractals-1,/mnt/nas1/fvs_benchmark_datasets/deep-2M-gt-1000.npy,2000000,2M,hnsw
25,25,1.0,2554729,fractals-1,/mnt/nas1/fvs_benchmark_datasets/deep-2M-gt-1000.npy,2000000,2M,hnsw
26,26,1.0,3378904,fractals-1,/mnt/nas1/fvs_benchmark_datasets/deep-2M-gt-1000.npy,2000000,2M,hnsw
27,27,1.0,2079743,fractals-1,/mnt/nas1/fvs_benchmark_datasets/deep-2M-gt-1000.npy,2000000,2M,hnsw
28,28,1.0,1998979,fractals-1,/mnt/nas1/fvs_benchmark_datasets/deep-2M-gt-1000.npy,2000000,2M,hnsw
29,29,1.0,3371260,fractals-1,/mnt/nas1/fvs_benchmark_datasets/deep-2M-gt-1000.npy,2000000,2M,hnsw
30,30,1.0,2700763,fractals-1,/mnt/nas1/fvs_benchmark_datasets/deep-2M-gt-1000.npy,2000000,2M,hnsw
31,31,1.0,1875711,fractals-1,/mnt/nas1/fvs_benchmark_datasets/deep-2M-gt-1000.npy,2000000,2M,hnsw
32,32,1.0,3913169,fractals-1,/mnt/nas1/fvs_benchmark_datasets/deep-2M-gt-1000.npy,2000000,2M,hnsw
33,33,1.0,3210410,fractals-1,/mnt/nas1/fvs_benchmark_datasets/deep-2M-gt-1000.npy,2000000,2M,hnsw
34,34,1.0,2624727,fractals-1,/mnt/nas1/fvs_benchmark_datasets/deep-2M-gt-1000.npy,2000000,2M,hnsw
35,35,0.95,2734847,fractals-1,/mnt/nas1/fvs_benchmark_datasets/deep-2M-gt-1000.npy,2000000,2M,hnsw
36,36,1.0,1563982,fractals-1,/mnt/nas1/fvs_benchmark_datasets/deep-2M-gt-1000.npy,2000000,2M,hnsw
37,37,1.0,4633685,fractals-1,/mnt/nas1/fvs_benchmark_datasets/deep-2M-gt-1000.npy,2000000,2M,hnsw
38,38,1.0,1934195,fractals-1,/mnt/nas1/fvs_benchmark_datasets/deep-2M-gt-1000.npy,2000000,2M,hnsw
39,39,0.85,2954922,fractals-1,/mnt/nas1/fvs_benchmark_datasets/deep-2M-gt-1000.npy,2000000,2M,hnsw
40,40,1.0,2635892,fractals-1,/mnt/nas1/fvs_benchmark_datasets/deep-2M-gt-1000.npy,2000000,2M,hnsw
41,41,1.0,2454315,fractals-1,/mnt/nas1/fvs_benchmark_datasets/deep-2M-gt-1000.npy,2000000,2M,hnsw
42,42,0.9,2558007,fractals-1,/mnt/nas1/fvs_benchmark_datasets/deep-2M-gt-1000.npy,2000000,2M,hnsw
43,43,1.0,1916735,fractals-1,/mnt/nas1/fvs_benchmark_datasets/deep-2M-gt-1000.npy,2000000,2M,hnsw
44,44,1.0,3060153,fractals-1,/mnt/nas1/fvs_benchmark_datasets/deep-2M-gt-1000.npy,2000000,2M,hnsw
45,45,1.0,2908023,fractals-1,/mnt/nas1/fvs_benchmark_datasets/deep-2M-gt-1000.npy,2000000,2M,hnsw
46,46,1.0,1930352,fractals-1,/mnt/nas1/fvs_benchmark_datasets/deep-2M-gt-1000.npy,2000000,2M,hnsw
47,47,1.0,1182713,fractals-1,/mnt/nas1/fvs_benchmark_datasets/deep-2M-gt-1000.npy,2000000,2M,hnsw
48,48,1.0,3758871,fractals-1,/mnt/nas1/fvs_benchmark_datasets/deep-2M-gt-1000.npy,2000000,2M,hnsw
49,49,1.0,2964933,fractals-1,/mnt/nas1/fvs_benchmark_datasets/deep-2M-gt-1000.npy,2000000,2M,hnsw
50,50,1.0,2804019,fractals-1,/mnt/nas1/fvs_benchmark_datasets/deep-2M-gt-1000.npy,2000000,2M,hnsw
51,51,1.0,2427954,fractals-1,/mnt/nas1/fvs_benchmark_datasets/deep-2M-gt-1000.npy,2000000,2M,hnsw
52,52,1.0,2002945,fractals-1,/mnt/nas1/fvs_benchmark_datasets/deep-2M-gt-1000.npy,2000000,2M,hnsw
53,53,1.0,1696363,fractals-1,/mnt/nas1/fvs_benchmark_datasets/deep-2M-gt-1000.npy,2000000,2M,hnsw
54,54,1.0,4109241,fractals-1,/mnt/nas1/fvs_benchmark_datasets/deep-2M-gt-1000.npy,2000000,2M,hnsw
55,55,1.0,2548720,fractals-1,/mnt/nas1/fvs_benchmark_datasets/deep-2M-gt-1000.npy,2000000,2M,hnsw
56,56,1.0,2311328,fractals-1,/mnt/nas1/fvs_benchmark_datasets/deep-2M-gt-1000.npy,2000000,2M,hnsw
57,57,0.8,3582461,fractals-1,/mnt/nas1/fvs_benchmark_datasets/deep-2M-gt-1000.npy,2000000,2M,hnsw
58,58,1.0,2779203,fractals-1,/mnt/nas1/fvs_benchmark_datasets/deep-2M-gt-1000.npy,2000000,2M,hnsw
59,59,1.0,2365460,fractals-1,/mnt/nas1/fvs_benchmark_datasets/deep-2M-gt-1000.npy,2000000,2M,hnsw
60,60,1.0,3005232,fractals-1,/mnt/nas1/fvs_benchmark_datasets/deep-2M-gt-1000.npy,2000000,2M,hnsw
61,61,1.0,2899210,fractals-1,/mnt/nas1/fvs_benchmark_datasets/deep-2M-gt-1000.npy,2000000,2M,hnsw
62,62,1.0,2076600,fractals-1,/mnt/nas1/fvs_benchmark_datasets/deep-2M-gt-1000.npy,2000000,2M,hnsw
63,63,1.0,3910499,fractals-1,/mnt/nas1/fvs_benchmark_datasets/deep-2M-gt-1000.npy,2000000,2M,hnsw
64,64,1.0,2814618,fractals-1,/mnt/nas1/fvs_benchmark_datasets/deep-2M-gt-1000.npy,2000000,2M,hnsw
65,65,1.0,1426961,fractals-1,/mnt/nas1/fvs_benchmark_datasets/deep-2M-gt-1000.npy,2000000,2M,hnsw
66,66,0.95,2177943,fractals-1,/mnt/nas1/fvs_benchmark_datasets/deep-2M-gt-1000.npy,2000000,2M,hnsw
67,67,1.0,3376580,fractals-1,/mnt/nas1/fvs_benchmark_datasets/deep-2M-gt-1000.npy,2000000,2M,hnsw
68,68,1.0,3098729,fractals-1,/mnt/nas1/fvs_benchmark_datasets/deep-2M-gt-1000.npy,2000000,2M,hnsw
69,69,1.0,2732143,fractals-1,/mnt/nas1/fvs_benchmark_datasets/deep-2M-gt-1000.npy,2000000,2M,hnsw
70,70,1.0,1822974,fractals-1,/mnt/nas1/fvs_benchmark_datasets/deep-2M-gt-1000.npy,2000000,2M,hnsw
71,71,1.0,2884870,fractals-1,/mnt/nas1/fvs_benchmark_datasets/deep-2M-gt-1000.npy,2000000,2M,hnsw
72,72,1.0,2477564,fractals-1,/mnt/nas1/fvs_benchmark_datasets/deep-2M-gt-1000.npy,2000000,2M,hnsw
73,73,1.0,1595468,fractals-1,/mnt/nas1/fvs_benchmark_datasets/deep-2M-gt-1000.npy,2000000,2M,hnsw
74,74,1.0,1859735,fractals-1,/mnt/nas1/fvs_benchmark_datasets/deep-2M-gt-1000.npy,2000000,2M,hnsw
75,75,1.0,3395237,fractals-1,/mnt/nas1/fvs_benchmark_datasets/deep-2M-gt-1000.npy,2000000,2M,hnsw
76,76,1.0,2436970,fractals-1,/mnt/nas1/fvs_benchmark_datasets/deep-2M-gt-1000.npy,2000000,2M,hnsw
77,77,1.0,1554969,fractals-1,/mnt/nas1/fvs_benchmark_datasets/deep-2M-gt-1000.npy,2000000,2M,hnsw
78,78,1.0,2469953,fractals-1,/mnt/nas1/fvs_benchmark_datasets/deep-2M-gt-1000.npy,2000000,2M,hnsw
79,79,1.0,1684501,fractals-1,/mnt/nas1/fvs_benchmark_datasets/deep-2M-gt-1000.npy,2000000,2M,hnsw
80,80,1.0,2528044,fractals-1,/mnt/nas1/fvs_benchmark_datasets/deep-2M-gt-1000.npy,2000000,2M,hnsw
81,81,1.0,2637696,fractals-1,/mnt/nas1/fvs_benchmark_datasets/deep-2M-gt-1000.npy,2000000,2M,hnsw
82,82,0.85,2524651,fractals-1,/mnt/nas1/fvs_benchmark_datasets/deep-2M-gt-1000.npy,2000000,2M,hnsw
83,83,1.0,1145169,fractals-1,/mnt/nas1/fvs_benchmark_datasets/deep-2M-gt-1000.npy,2000000,2M,hnsw
84,84,1.0,2377604,fractals-1,/mnt/nas1/fvs_benchmark_datasets/deep-2M-gt-1000.npy,2000000,2M,hnsw
85,85,1.0,3339503,fractals-1,/mnt/nas1/fvs_benchmark_datasets/deep-2M-gt-1000.npy,2000000,2M,hnsw
86,86,1.0,2110750,fractals-1,/mnt/nas1/fvs_benchmark_datasets/deep-2M-gt-1000.npy,2000000,2M,hnsw
87,87,1.0,2413777,fractals-1,/mnt/nas1/fvs_benchmark_datasets/deep-2M-gt-1000.npy,2000000,2M,hnsw
88,88,1.0,2033413,fractals-1,/mnt/nas1/fvs_benchmark_datasets/deep-2M-gt-1000.npy,2000000,2M,hnsw
89,89,1.0,1644982,fractals-1,/mnt/nas1/fvs_benchmark_datasets/deep-2M-gt-1000.npy,2000000,2M,hnsw
90,90,1.0,1537384,fractals-1,/mnt/nas1/fvs_benchmark_datasets/deep-2M-gt-1000.npy,2000000,2M,hnsw
91,91,1.0,2389660,fractals-1,/mnt/nas1/fvs_benchmark_datasets/deep-2M-gt-1000.npy,2000000,2M,hnsw
92,92,1.0,1553877,fractals-1,/mnt/nas1/fvs_benchmark_datasets/deep-2M-gt-1000.npy,2000000,2M,hnsw
93,93,1.0,2362833,fractals-1,/mnt/nas1/fvs_benchmark_datasets/deep-2M-gt-1000.npy,2000000,2M,hnsw
94,94,0.95,2684402,fractals-1,/mnt/nas1/fvs_benchmark_datasets/deep-2M-gt-1000.npy,2000000,2M,hnsw
95,95,1.0,7336394,fractals-1,/mnt/nas1/fvs_benchmark_datasets/deep-2M-gt-1000.npy,2000000,2M,hnsw
96,96,1.0,3218364,fractals-1,/mnt/nas1/fvs_benchmark_datasets/deep-2M-gt-1000.npy,2000000,2M,hnsw
97,97,0.95,2257645,fractals-1,/mnt/nas1/fvs_benchmark_datasets/deep-2M-gt-1000.npy,2000000,2M,hnsw
98,98,0.95,2602175,fractals-1,/mnt/nas1/fvs_benchmark_datasets/deep-2M-gt-1000.npy,2000000,2M,hnsw
99,99,1.0,4024485,fractals-1,/mnt/nas1/fvs_benchmark_datasets/deep-2M-gt-1000.npy,2000000,2M,hnsw
100,100,1.0,2720344,fractals-1,/mnt/nas1/fvs_benchmark_datasets/deep-2M-gt-1000.npy,2000000,2M,hnsw
101,101,1.0,2650564,fractals-1,/mnt/nas1/fvs_benchmark_datasets/deep-2M-gt-1000.npy,2000000,2M,hnsw
102,102,0.9,3007228,fractals-1,/mnt/nas1/fvs_benchmark_datasets/deep-2M-gt-1000.npy,2000000,2M,hnsw
103,103,1.0,2733921,fractals-1,/mnt/nas1/fvs_benchmark_datasets/deep-2M-gt-1000.npy,2000000,2M,hnsw
104,104,1.0,3427225,fractals-1,/mnt/nas1/fvs_benchmark_datasets/deep-2M-gt-1000.npy,2000000,2M,hnsw
105,105,0.95,1492304,fractals-1,/mnt/nas1/fvs_benchmark_datasets/deep-2M-gt-1000.npy,2000000,2M,hnsw
106,106,1.0,4009609,fractals-1,/mnt/nas1/fvs_benchmark_datasets/deep-2M-gt-1000.npy,2000000,2M,hnsw
107,107,1.0,3777480,fractals-1,/mnt/nas1/fvs_benchmark_datasets/deep-2M-gt-1000.npy,2000000,2M,hnsw
108,108,1.0,2729189,fractals-1,/mnt/nas1/fvs_benchmark_datasets/deep-2M-gt-1000.npy,2000000,2M,hnsw
109,109,1.0,2032042,fractals-1,/mnt/nas1/fvs_benchmark_datasets/deep-2M-gt-1000.npy,2000000,2M,hnsw
110,110,0.95,4658023,fractals-1,/mnt/nas1/fvs_benchmark_datasets/deep-2M-gt-1000.npy,2000000,2M,hnsw
111,111,0.8,3388028,fractals-1,/mnt/nas1/fvs_benchmark_datasets/deep-2M-gt-1000.npy,2000000,2M,hnsw
112,112,1.0,2762936,fractals-1,/mnt/nas1/fvs_benchmark_datasets/deep-2M-gt-1000.npy,2000000,2M,hnsw
113,113,1.0,1874276,fractals-1,/mnt/nas1/fvs_benchmark_datasets/deep-2M-gt-1000.npy,2000000,2M,hnsw
114,114,1.0,1774719,fractals-1,/mnt/nas1/fvs_benchmark_datasets/deep-2M-gt-1000.npy,2000000,2M,hnsw
115,115,1.0,3955343,fractals-1,/mnt/nas1/fvs_benchmark_datasets/deep-2M-gt-1000.npy,2000000,2M,hnsw
116,116,1.0,3115684,fractals-1,/mnt/nas1/fvs_benchmark_datasets/deep-2M-gt-1000.npy,2000000,2M,hnsw
117,117,1.0,2415093,fractals-1,/mnt/nas1/fvs_benchmark_datasets/deep-2M-gt-1000.npy,2000000,2M,hnsw
118,118,1.0,3609296,fractals-1,/mnt/nas1/fvs_benchmark_datasets/deep-2M-gt-1000.npy,2000000,2M,hnsw
119,119,1.0,3466403,fractals-1,/mnt/nas1/fvs_benchmark_datasets/deep-2M-gt-1000.npy,2000000,2M,hnsw
120,120,1.0,1937332,fractals-1,/mnt/nas1/fvs_benchmark_datasets/deep-2M-gt-1000.npy,2000000,2M,hnsw
121,121,1.0,2799837,fractals-1,/mnt/nas1/fvs_benchmark_datasets/deep-2M-gt-1000.npy,2000000,2M,hnsw
122,122,0.95,3957100,fractals-1,/mnt/nas1/fvs_benchmark_datasets/deep-2M-gt-1000.npy,2000000,2M,hnsw
123,123,1.0,2887057,fractals-1,/mnt/nas1/fvs_benchmark_datasets/deep-2M-gt-1000.npy,2000000,2M,hnsw
124,124,1.0,2276371,fractals-1,/mnt/nas1/fvs_benchmark_datasets/deep-2M-gt-1000.npy,2000000,2M,hnsw
125,125,1.0,2459587,fractals-1,/mnt/nas1/fvs_benchmark_datasets/deep-2M-gt-1000.npy,2000000,2M,hnsw
126,126,0.95,2720519,fractals-1,/mnt/nas1/fvs_benchmark_datasets/deep-2M-gt-1000.npy,2000000,2M,hnsw
127,127,0.95,3423692,fractals-1,/mnt/nas1/fvs_benchmark_datasets/deep-2M-gt-1000.npy,2000000,2M,hnsw
128,128,1.0,2910961,fractals-1,/mnt/nas1/fvs_benchmark_datasets/deep-2M-gt-1000.npy,2000000,2M,hnsw
129,129,1.0,2967453,fractals-1,/mnt/nas1/fvs_benchmark_datasets/deep-2M-gt-1000.npy,2000000,2M,hnsw
130,130,0.95,2824252,fractals-1,/mnt/nas1/fvs_benchmark_datasets/deep-2M-gt-1000.npy,2000000,2M,hnsw
131,131,1.0,3449838,fractals-1,/mnt/nas1/fvs_benchmark_datasets/deep-2M-gt-1000.npy,2000000,2M,hnsw
132,132,0.85,3085230,fractals-1,/mnt/nas1/fvs_benchmark_datasets/deep-2M-gt-1000.npy,2000000,2M,hnsw
133,133,0.9,4464656,fractals-1,/mnt/nas1/fvs_benchmark_datasets/deep-2M-gt-1000.npy,2000000,2M,hnsw
134,134,1.0,1874522,fractals-1,/mnt/nas1/fvs_benchmark_datasets/deep-2M-gt-1000.npy,2000000,2M,hnsw
135,135,1.0,2286900,fractals-1,/mnt/nas1/fvs_benchmark_datasets/deep-2M-gt-1000.npy,2000000,2M,hnsw
136,136,1.0,1593958,fractals-1,/mnt/nas1/fvs_benchmark_datasets/deep-2M-gt-1000.npy,2000000,2M,hnsw
137,137,1.0,3366680,fractals-1,/mnt/nas1/fvs_benchmark_datasets/deep-2M-gt-1000.npy,2000000,2M,hnsw
138,138,1.0,2650850,fractals-1,/mnt/nas1/fvs_benchmark_datasets/deep-2M-gt-1000.npy,2000000,2M,hnsw
139,139,1.0,4888368,fractals-1,/mnt/nas1/fvs_benchmark_datasets/deep-2M-gt-1000.npy,2000000,2M,hnsw
140,140,1.0,2926272,fractals-1,/mnt/nas1/fvs_benchmark_datasets/deep-2M-gt-1000.npy,2000000,2M,hnsw
141,141,0.95,2624036,fractals-1,/mnt/nas1/fvs_benchmark_datasets/deep-2M-gt-1000.npy,2000000,2M,hnsw
142,142,1.0,2930001,fractals-1,/mnt/nas1/fvs_benchmark_datasets/deep-2M-gt-1000.npy,2000000,2M,hnsw
143,143,1.0,2404703,fractals-1,/mnt/nas1/fvs_benchmark_datasets/deep-2M-gt-1000.npy,2000000,2M,hnsw
144,144,1.0,1510543,fractals-1,/mnt/nas1/fvs_benchmark_datasets/deep-2M-gt-1000.npy,2000000,2M,hnsw
145,145,1.0,2317787,fractals-1,/mnt/nas1/fvs_benchmark_datasets/deep-2M-gt-1000.npy,2000000,2M,hnsw
146,146,1.0,2370713,fractals-1,/mnt/nas1/fvs_benchmark_datasets/deep-2M-gt-1000.npy,2000000,2M,hnsw
147,147,1.0,2531875,fractals-1,/mnt/nas1/fvs_benchmark_datasets/deep-2M-gt-1000.npy,2000000,2M,hnsw
148,148,1.0,1572369,fractals-1,/mnt/nas1/fvs_benchmark_datasets/deep-2M-gt-1000.npy,2000000,2M,hnsw
149,149,1.0,2579269,fractals-1,/mnt/nas1/fvs_benchmark_datasets/deep-2M-gt-1000.npy,2000000,2M,hnsw
150,150,1.0,2877737,fractals-1,/mnt/nas1/fvs_benchmark_datasets/deep-2M-gt-1000.npy,2000000,2M,hnsw
151,151,1.0,4434042,fractals-1,/mnt/nas1/fvs_benchmark_datasets/deep-2M-gt-1000.npy,2000000,2M,hnsw
152,152,1.0,2730420,fractals-1,/mnt/nas1/fvs_benchmark_datasets/deep-2M-gt-1000.npy,2000000,2M,hnsw
153,153,1.0,3157511,fractals-1,/mnt/nas1/fvs_benchmark_datasets/deep-2M-gt-1000.npy,2000000,2M,hnsw
154,154,1.0,2495861,fractals-1,/mnt/nas1/fvs_benchmark_datasets/deep-2M-gt-1000.npy,2000000,2M,hnsw
155,155,1.0,3562624,fractals-1,/mnt/nas1/fvs_benchmark_datasets/deep-2M-gt-1000.npy,2000000,2M,hnsw
156,156,1.0,2140582,fractals-1,/mnt/nas1/fvs_benchmark_datasets/deep-2M-gt-1000.npy,2000000,2M,hnsw
157,157,1.0,2365795,fractals-1,/mnt/nas1/fvs_benchmark_datasets/deep-2M-gt-1000.npy,2000000,2M,hnsw
158,158,1.0,2700555,fractals-1,/mnt/nas1/fvs_benchmark_datasets/deep-2M-gt-1000.npy,2000000,2M,hnsw
159,159,1.0,1986109,fractals-1,/mnt/nas1/fvs_benchmark_datasets/deep-2M-gt-1000.npy,2000000,2M,hnsw
160,160,1.0,3629606,fractals-1,/mnt/nas1/fvs_benchmark_datasets/deep-2M-gt-1000.npy,2000000,2M,hnsw
161,161,1.0,2226029,fractals-1,/mnt/nas1/fvs_benchmark_datasets/deep-2M-gt-1000.npy,2000000,2M,hnsw
162,162,1.0,1239126,fractals-1,/mnt/nas1/fvs_benchmark_datasets/deep-2M-gt-1000.npy,2000000,2M,hnsw
163,163,1.0,3164049,fractals-1,/mnt/nas1/fvs_benchmark_datasets/deep-2M-gt-1000.npy,2000000,2M,hnsw
164,164,0.95,2870812,fractals-1,/mnt/nas1/fvs_benchmark_datasets/deep-2M-gt-1000.npy,2000000,2M,hnsw
165,165,1.0,2321446,fractals-1,/mnt/nas1/fvs_benchmark_datasets/deep-2M-gt-1000.npy,2000000,2M,hnsw
166,166,1.0,1263194,fractals-1,/mnt/nas1/fvs_benchmark_datasets/deep-2M-gt-1000.npy,2000000,2M,hnsw
167,167,1.0,1737677,fractals-1,/mnt/nas1/fvs_benchmark_datasets/deep-2M-gt-1000.npy,2000000,2M,hnsw
168,168,1.0,2325945,fractals-1,/mnt/nas1/fvs_benchmark_datasets/deep-2M-gt-1000.npy,2000000,2M,hnsw
169,169,1.0,1816730,fractals-1,/mnt/nas1/fvs_benchmark_datasets/deep-2M-gt-1000.npy,2000000,2M,hnsw
170,170,1.0,2658670,fractals-1,/mnt/nas1/fvs_benchmark_datasets/deep-2M-gt-1000.npy,2000000,2M,hnsw
171,171,1.0,3347318,fractals-1,/mnt/nas1/fvs_benchmark_datasets/deep-2M-gt-1000.npy,2000000,2M,hnsw
172,172,1.0,2087073,fractals-1,/mnt/nas1/fvs_benchmark_datasets/deep-2M-gt-1000.npy,2000000,2M,hnsw
173,173,0.9,3074654,fractals-1,/mnt/nas1/fvs_benchmark_datasets/deep-2M-gt-1000.npy,2000000,2M,hnsw
174,174,1.0,2432050,fractals-1,/mnt/nas1/fvs_benchmark_datasets/deep-2M-gt-1000.npy,2000000,2M,hnsw
175,175,1.0,2499740,fractals-1,/mnt/nas1/fvs_benchmark_datasets/deep-2M-gt-1000.npy,2000000,2M,hnsw
176,176,1.0,2514058,fractals-1,/mnt/nas1/fvs_benchmark_datasets/deep-2M-gt-1000.npy,2000000,2M,hnsw
177,177,1.0,2262432,fractals-1,/mnt/nas1/fvs_benchmark_datasets/deep-2M-gt-1000.npy,2000000,2M,hnsw
178,178,0.95,2553639,fractals-1,/mnt/nas1/fvs_benchmark_datasets/deep-2M-gt-1000.npy,2000000,2M,hnsw
179,179,0.9,4351295,fractals-1,/mnt/nas1/fvs_benchmark_datasets/deep-2M-gt-1000.npy,2000000,2M,hnsw
180,180,1.0,1697134,fractals-1,/mnt/nas1/fvs_benchmark_datasets/deep-2M-gt-1000.npy,2000000,2M,hnsw
181,181,1.0,2511030,fractals-1,/mnt/nas1/fvs_benchmark_datasets/deep-2M-gt-1000.npy,2000000,2M,hnsw
182,182,1.0,2322413,fractals-1,/mnt/nas1/fvs_benchmark_datasets/deep-2M-gt-1000.npy,2000000,2M,hnsw
183,183,1.0,1794070,fractals-1,/mnt/nas1/fvs_benchmark_datasets/deep-2M-gt-1000.npy,2000000,2M,hnsw
184,184,1.0,2115790,fractals-1,/mnt/nas1/fvs_benchmark_datasets/deep-2M-gt-1000.npy,2000000,2M,hnsw
185,185,1.0,2088702,fractals-1,/mnt/nas1/fvs_benchmark_datasets/deep-2M-gt-1000.npy,2000000,2M,hnsw
186,186,1.0,2339495,fractals-1,/mnt/nas1/fvs_benchmark_datasets/deep-2M-gt-1000.npy,2000000,2M,hnsw
187,187,0.95,3459995,fractals-1,/mnt/nas1/fvs_benchmark_datasets/deep-2M-gt-1000.npy,2000000,2M,hnsw
188,188,1.0,3302687,fractals-1,/mnt/nas1/fvs_benchmark_datasets/deep-2M-gt-1000.npy,2000000,2M,hnsw
189,189,1.0,2016796,fractals-1,/mnt/nas1/fvs_benchmark_datasets/deep-2M-gt-1000.npy,2000000,2M,hnsw
190,190,1.0,1645092,fractals-1,/mnt/nas1/fvs_benchmark_datasets/deep-2M-gt-1000.npy,2000000,2M,hnsw
191,191,1.0,1922692,fractals-1,/mnt/nas1/fvs_benchmark_datasets/deep-2M-gt-1000.npy,2000000,2M,hnsw
192,192,1.0,3145887,fractals-1,/mnt/nas1/fvs_benchmark_datasets/deep-2M-gt-1000.npy,2000000,2M,hnsw
193,193,1.0,2564491,fractals-1,/mnt/nas1/fvs_benchmark_datasets/deep-2M-gt-1000.npy,2000000,2M,hnsw
194,194,1.0,3690975,fractals-1,/mnt/nas1/fvs_benchmark_datasets/deep-2M-gt-1000.npy,2000000,2M,hnsw
195,195,1.0,2449834,fractals-1,/mnt/nas1/fvs_benchmark_datasets/deep-2M-gt-1000.npy,2000000,2M,hnsw
196,196,1.0,2524176,fractals-1,/mnt/nas1/fvs_benchmark_datasets/deep-2M-gt-1000.npy,2000000,2M,hnsw
197,197,1.0,2280139,fractals-1,/mnt/nas1/fvs_benchmark_datasets/deep-2M-gt-1000.npy,2000000,2M,hnsw
198,198,1.0,2819114,fractals-1,/mnt/nas1/fvs_benchmark_datasets/deep-2M-gt-1000.npy,2000000,2M,hnsw
199,199,1.0,4668262,fractals-1,/mnt/nas1/fvs_benchmark_datasets/deep-2M-gt-1000.npy,2000000,2M,hnsw
200,200,1.0,6365031,fractals-1,/mnt/nas1/fvs_benchmark_datasets/deep-2M-gt-1000.npy,2000000,2M,hnsw
201,201,1.0,5152428,fractals-1,/mnt/nas1/fvs_benchmark_datasets/deep-2M-gt-1000.npy,2000000,2M,hnsw
202,202,1.0,3850863,fractals-1,/mnt/nas1/fvs_benchmark_datasets/deep-2M-gt-1000.npy,2000000,2M,hnsw
203,203,1.0,2981379,fractals-1,/mnt/nas1/fvs_benchmark_datasets/deep-2M-gt-1000.npy,2000000,2M,hnsw
204,204,1.0,3804679,fractals-1,/mnt/nas1/fvs_benchmark_datasets/deep-2M-gt-1000.npy,2000000,2M,hnsw
205,205,1.0,4515980,fractals-1,/mnt/nas1/fvs_benchmark_datasets/deep-2M-gt-1000.npy,2000000,2M,hnsw
206,206,1.0,3479567,fractals-1,/mnt/nas1/fvs_benchmark_datasets/deep-2M-gt-1000.npy,2000000,2M,hnsw
207,207,1.0,3917266,fractals-1,/mnt/nas1/fvs_benchmark_datasets/deep-2M-gt-1000.npy,2000000,2M,hnsw
208,208,1.0,5568825,fractals-1,/mnt/nas1/fvs_benchmark_datasets/deep-2M-gt-1000.npy,2000000,2M,hnsw
209,209,1.0,4164134,fractals-1,/mnt/nas1/fvs_benchmark_datasets/deep-2M-gt-1000.npy,2000000,2M,hnsw
210,210,1.0,2716336,fractals-1,/mnt/nas1/fvs_benchmark_datasets/deep-2M-gt-1000.npy,2000000,2M,hnsw
211,211,1.0,4756409,fractals-1,/mnt/nas1/fvs_benchmark_datasets/deep-2M-gt-1000.npy,2000000,2M,hnsw
212,212,1.0,5729001,fractals-1,/mnt/nas1/fvs_benchmark_datasets/deep-2M-gt-1000.npy,2000000,2M,hnsw
213,213,1.0,3555827,fractals-1,/mnt/nas1/fvs_benchmark_datasets/deep-2M-gt-1000.npy,2000000,2M,hnsw
214,214,1.0,3793333,fractals-1,/mnt/nas1/fvs_benchmark_datasets/deep-2M-gt-1000.npy,2000000,2M,hnsw
215,215,1.0,2123733,fractals-1,/mnt/nas1/fvs_benchmark_datasets/deep-2M-gt-1000.npy,2000000,2M,hnsw
216,216,1.0,2841932,fractals-1,/mnt/nas1/fvs_benchmark_datasets/deep-2M-gt-1000.npy,2000000,2M,hnsw
217,217,1.0,3973159,fractals-1,/mnt/nas1/fvs_benchmark_datasets/deep-2M-gt-1000.npy,2000000,2M,hnsw
218,218,0.9,4069821,fractals-1,/mnt/nas1/fvs_benchmark_datasets/deep-2M-gt-1000.npy,2000000,2M,hnsw
219,219,1.0,2871767,fractals-1,/mnt/nas1/fvs_benchmark_datasets/deep-2M-gt-1000.npy,2000000,2M,hnsw
220,220,1.0,3895859,fractals-1,/mnt/nas1/fvs_benchmark_datasets/deep-2M-gt-1000.npy,2000000,2M,hnsw
221,221,1.0,4236466,fractals-1,/mnt/nas1/fvs_benchmark_datasets/deep-2M-gt-1000.npy,2000000,2M,hnsw
222,222,1.0,5266833,fractals-1,/mnt/nas1/fvs_benchmark_datasets/deep-2M-gt-1000.npy,2000000,2M,hnsw
223,223,1.0,2159077,fractals-1,/mnt/nas1/fvs_benchmark_datasets/deep-2M-gt-1000.npy,2000000,2M,hnsw
224,224,1.0,3843940,fractals-1,/mnt/nas1/fvs_benchmark_datasets/deep-2M-gt-1000.npy,2000000,2M,hnsw
225,225,1.0,2898784,fractals-1,/mnt/nas1/fvs_benchmark_datasets/deep-2M-gt-1000.npy,2000000,2M,hnsw
226,226,1.0,4607178,fractals-1,/mnt/nas1/fvs_benchmark_datasets/deep-2M-gt-1000.npy,2000000,2M,hnsw
227,227,1.0,2940827,fractals-1,/mnt/nas1/fvs_benchmark_datasets/deep-2M-gt-1000.npy,2000000,2M,hnsw
228,228,1.0,2729133,fractals-1,/mnt/nas1/fvs_benchmark_datasets/deep-2M-gt-1000.npy,2000000,2M,hnsw
229,229,1.0,2543795,fractals-1,/mnt/nas1/fvs_benchmark_datasets/deep-2M-gt-1000.npy,2000000,2M,hnsw
230,230,1.0,2596703,fractals-1,/mnt/nas1/fvs_benchmark_datasets/deep-2M-gt-1000.npy,2000000,2M,hnsw
231,231,1.0,1715040,fractals-1,/mnt/nas1/fvs_benchmark_datasets/deep-2M-gt-1000.npy,2000000,2M,hnsw
232,232,1.0,5819367,fractals-1,/mnt/nas1/fvs_benchmark_datasets/deep-2M-gt-1000.npy,2000000,2M,hnsw
233,233,1.0,3162275,fractals-1,/mnt/nas1/fvs_benchmark_datasets/deep-2M-gt-1000.npy,2000000,2M,hnsw
234,234,1.0,2184113,fractals-1,/mnt/nas1/fvs_benchmark_datasets/deep-2M-gt-1000.npy,2000000,2M,hnsw
235,235,1.0,5466182,fractals-1,/mnt/nas1/fvs_benchmark_datasets/deep-2M-gt-1000.npy,2000000,2M,hnsw
236,236,1.0,5997256,fractals-1,/mnt/nas1/fvs_benchmark_datasets/deep-2M-gt-1000.npy,2000000,2M,hnsw
237,237,1.0,4886002,fractals-1,/mnt/nas1/fvs_benchmark_datasets/deep-2M-gt-1000.npy,2000000,2M,hnsw
238,238,1.0,3801320,fractals-1,/mnt/nas1/fvs_benchmark_datasets/deep-2M-gt-1000.npy,2000000,2M,hnsw
239,239,1.0,2353464,fractals-1,/mnt/nas1/fvs_benchmark_datasets/deep-2M-gt-1000.npy,2000000,2M,hnsw
240,240,0.7,2356885,fractals-1,/mnt/nas1/fvs_benchmark_datasets/deep-2M-gt-1000.npy,2000000,2M,hnsw
241,241,0.95,4062971,fractals-1,/mnt/nas1/fvs_benchmark_datasets/deep-2M-gt-1000.npy,2000000,2M,hnsw
242,242,1.0,3726992,fractals-1,/mnt/nas1/fvs_benchmark_datasets/deep-2M-gt-1000.npy,2000000,2M,hnsw
243,243,1.0,6885711,fractals-1,/mnt/nas1/fvs_benchmark_datasets/deep-2M-gt-1000.npy,2000000,2M,hnsw
244,244,1.0,3991292,fractals-1,/mnt/nas1/fvs_benchmark_datasets/deep-2M-gt-1000.npy,2000000,2M,hnsw
245,245,1.0,5008606,fractals-1,/mnt/nas1/fvs_benchmark_datasets/deep-2M-gt-1000.npy,2000000,2M,hnsw
246,246,1.0,2433661,fractals-1,/mnt/nas1/fvs_benchmark_datasets/deep-2M-gt-1000.npy,2000000,2M,hnsw
247,247,1.0,3632033,fractals-1,/mnt/nas1/fvs_benchmark_datasets/deep-2M-gt-1000.npy,2000000,2M,hnsw
248,248,1.0,7471895,fractals-1,/mnt/nas1/fvs_benchmark_datasets/deep-2M-gt-1000.npy,2000000,2M,hnsw
249,249,1.0,6945404,fractals-1,/mnt/nas1/fvs_benchmark_datasets/deep-2M-gt-1000.npy,2000000,2M,hnsw
250,250,1.0,2984281,fractals-1,/mnt/nas1/fvs_benchmark_datasets/deep-2M-gt-1000.npy,2000000,2M,hnsw
251,251,1.0,2673344,fractals-1,/mnt/nas1/fvs_benchmark_datasets/deep-2M-gt-1000.npy,2000000,2M,hnsw
252,252,0.95,3062724,fractals-1,/mnt/nas1/fvs_benchmark_datasets/deep-2M-gt-1000.npy,2000000,2M,hnsw
253,253,0.95,3931876,fractals-1,/mnt/nas1/fvs_benchmark_datasets/deep-2M-gt-1000.npy,2000000,2M,hnsw
254,254,0.95,4377357,fractals-1,/mnt/nas1/fvs_benchmark_datasets/deep-2M-gt-1000.npy,2000000,2M,hnsw
255,255,1.0,3498944,fractals-1,/mnt/nas1/fvs_benchmark_datasets/deep-2M-gt-1000.npy,2000000,2M,hnsw
256,256,1.0,2136144,fractals-1,/mnt/nas1/fvs_benchmark_datasets/deep-2M-gt-1000.npy,2000000,2M,hnsw
257,257,1.0,4613740,fractals-1,/mnt/nas1/fvs_benchmark_datasets/deep-2M-gt-1000.npy,2000000,2M,hnsw
258,258,1.0,2383034,fractals-1,/mnt/nas1/fvs_benchmark_datasets/deep-2M-gt-1000.npy,2000000,2M,hnsw
259,259,1.0,5087323,fractals-1,/mnt/nas1/fvs_benchmark_datasets/deep-2M-gt-1000.npy,2000000,2M,hnsw
260,260,1.0,5863808,fractals-1,/mnt/nas1/fvs_benchmark_datasets/deep-2M-gt-1000.npy,2000000,2M,hnsw
261,261,1.0,3578511,fractals-1,/mnt/nas1/fvs_benchmark_datasets/deep-2M-gt-1000.npy,2000000,2M,hnsw
262,262,1.0,4016430,fractals-1,/mnt/nas1/fvs_benchmark_datasets/deep-2M-gt-1000.npy,2000000,2M,hnsw
263,263,1.0,3009511,fractals-1,/mnt/nas1/fvs_benchmark_datasets/deep-2M-gt-1000.npy,2000000,2M,hnsw
264,264,1.0,2311565,fractals-1,/mnt/nas1/fvs_benchmark_datasets/deep-2M-gt-1000.npy,2000000,2M,hnsw
265,265,1.0,2931095,fractals-1,/mnt/nas1/fvs_benchmark_datasets/deep-2M-gt-1000.npy,2000000,2M,hnsw
266,266,0.95,4910660,fractals-1,/mnt/nas1/fvs_benchmark_datasets/deep-2M-gt-1000.npy,2000000,2M,hnsw
267,267,1.0,6287132,fractals-1,/mnt/nas1/fvs_benchmark_datasets/deep-2M-gt-1000.npy,2000000,2M,hnsw
268,268,1.0,5163057,fractals-1,/mnt/nas1/fvs_benchmark_datasets/deep-2M-gt-1000.npy,2000000,2M,hnsw
269,269,1.0,3278569,fractals-1,/mnt/nas1/fvs_benchmark_datasets/deep-2M-gt-1000.npy,2000000,2M,hnsw
270,270,1.0,4026556,fractals-1,/mnt/nas1/fvs_benchmark_datasets/deep-2M-gt-1000.npy,2000000,2M,hnsw
271,271,1.0,2761996,fractals-1,/mnt/nas1/fvs_benchmark_datasets/deep-2M-gt-1000.npy,2000000,2M,hnsw
272,272,0.7,3599045,fractals-1,/mnt/nas1/fvs_benchmark_datasets/deep-2M-gt-1000.npy,2000000,2M,hnsw
273,273,1.0,5037924,fractals-1,/mnt/nas1/fvs_benchmark_datasets/deep-2M-gt-1000.npy,2000000,2M,hnsw
274,274,1.0,2043965,fractals-1,/mnt/nas1/fvs_benchmark_datasets/deep-2M-gt-1000.npy,2000000,2M,hnsw
275,275,1.0,2481667,fractals-1,/mnt/nas1/fvs_benchmark_datasets/deep-2M-gt-1000.npy,2000000,2M,hnsw
276,276,0.95,4300148,fractals-1,/mnt/nas1/fvs_benchmark_datasets/deep-2M-gt-1000.npy,2000000,2M,hnsw
277,277,1.0,3146755,fractals-1,/mnt/nas1/fvs_benchmark_datasets/deep-2M-gt-1000.npy,2000000,2M,hnsw
278,278,0.65,1160608,fractals-1,/mnt/nas1/fvs_benchmark_datasets/deep-2M-gt-1000.npy,2000000,2M,hnsw
279,279,1.0,1353252,fractals-1,/mnt/nas1/fvs_benchmark_datasets/deep-2M-gt-1000.npy,2000000,2M,hnsw
280,280,1.0,3633274,fractals-1,/mnt/nas1/fvs_benchmark_datasets/deep-2M-gt-1000.npy,2000000,2M,hnsw
281,281,1.0,2805854,fractals-1,/mnt/nas1/fvs_benchmark_datasets/deep-2M-gt-1000.npy,2000000,2M,hnsw
282,282,0.8,2804208,fractals-1,/mnt/nas1/fvs_benchmark_datasets/deep-2M-gt-1000.npy,2000000,2M,hnsw
283,283,1.0,2180579,fractals-1,/mnt/nas1/fvs_benchmark_datasets/deep-2M-gt-1000.npy,2000000,2M,hnsw
284,284,1.0,2658431,fractals-1,/mnt/nas1/fvs_benchmark_datasets/deep-2M-gt-1000.npy,2000000,2M,hnsw
285,285,1.0,2002834,fractals-1,/mnt/nas1/fvs_benchmark_datasets/deep-2M-gt-1000.npy,2000000,2M,hnsw
286,286,0.7,2403762,fractals-1,/mnt/nas1/fvs_benchmark_datasets/deep-2M-gt-1000.npy,2000000,2M,hnsw
287,287,1.0,4971998,fractals-1,/mnt/nas1/fvs_benchmark_datasets/deep-2M-gt-1000.npy,2000000,2M,hnsw
288,288,1.0,1737155,fractals-1,/mnt/nas1/fvs_benchmark_datasets/deep-2M-gt-1000.npy,2000000,2M,hnsw
289,289,1.0,2805773,fractals-1,/mnt/nas1/fvs_benchmark_datasets/deep-2M-gt-1000.npy,2000000,2M,hnsw
290,290,1.0,3673987,fractals-1,/mnt/nas1/fvs_benchmark_datasets/deep-2M-gt-1000.npy,2000000,2M,hnsw
291,291,1.0,3373310,fractals-1,/mnt/nas1/fvs_benchmark_datasets/deep-2M-gt-1000.npy,2000000,2M,hnsw
292,292,0.95,2989752,fractals-1,/mnt/nas1/fvs_benchmark_datasets/deep-2M-gt-1000.npy,2000000,2M,hnsw
293,293,1.0,2849091,fractals-1,/mnt/nas1/fvs_benchmark_datasets/deep-2M-gt-1000.npy,2000000,2M,hnsw
294,294,1.0,3422452,fractals-1,/mnt/nas1/fvs_benchmark_datasets/deep-2M-gt-1000.npy,2000000,2M,hnsw
295,295,1.0,2214077,fractals-1,/mnt/nas1/fvs_benchmark_datasets/deep-2M-gt-1000.npy,2000000,2M,hnsw
296,296,1.0,3256458,fractals-1,/mnt/nas1/fvs_benchmark_datasets/deep-2M-gt-1000.npy,2000000,2M,hnsw
297,297,1.0,4153405,fractals-1,/mnt/nas1/fvs_benchmark_datasets/deep-2M-gt-1000.npy,2000000,2M,hnsw
298,298,1.0,1667704,fractals-1,/mnt/nas1/fvs_benchmark_datasets/deep-2M-gt-1000.npy,2000000,2M,hnsw
299,299,1.0,1217016,fractals-1,/mnt/nas1/fvs_benchmark_datasets/deep-2M-gt-1000.npy,2000000,2M,hnsw
300,300,1.0,1846063,fractals-1,/mnt/nas1/fvs_benchmark_datasets/deep-2M-gt-1000.npy,2000000,2M,hnsw
301,301,1.0,3020411,fractals-1,/mnt/nas1/fvs_benchmark_datasets/deep-2M-gt-1000.npy,2000000,2M,hnsw
302,302,0.95,5318870,fractals-1,/mnt/nas1/fvs_benchmark_datasets/deep-2M-gt-1000.npy,2000000,2M,hnsw
303,303,1.0,2335260,fractals-1,/mnt/nas1/fvs_benchmark_datasets/deep-2M-gt-1000.npy,2000000,2M,hnsw
304,304,0.9,6952078,fractals-1,/mnt/nas1/fvs_benchmark_datasets/deep-2M-gt-1000.npy,2000000,2M,hnsw
305,305,1.0,3348150,fractals-1,/mnt/nas1/fvs_benchmark_datasets/deep-2M-gt-1000.npy,2000000,2M,hnsw
306,306,1.0,2793379,fractals-1,/mnt/nas1/fvs_benchmark_datasets/deep-2M-gt-1000.npy,2000000,2M,hnsw
307,307,1.0,2907926,fractals-1,/mnt/nas1/fvs_benchmark_datasets/deep-2M-gt-1000.npy,2000000,2M,hnsw
308,308,1.0,3319830,fractals-1,/mnt/nas1/fvs_benchmark_datasets/deep-2M-gt-1000.npy,2000000,2M,hnsw
309,309,1.0,2052707,fractals-1,/mnt/nas1/fvs_benchmark_datasets/deep-2M-gt-1000.npy,2000000,2M,hnsw
310,310,1.0,1612174,fractals-1,/mnt/nas1/fvs_benchmark_datasets/deep-2M-gt-1000.npy,2000000,2M,hnsw
311,311,0.95,2948564,fractals-1,/mnt/nas1/fvs_benchmark_datasets/deep-2M-gt-1000.npy,2000000,2M,hnsw
312,312,1.0,2978998,fractals-1,/mnt/nas1/fvs_benchmark_datasets/deep-2M-gt-1000.npy,2000000,2M,hnsw
313,313,1.0,2691054,fractals-1,/mnt/nas1/fvs_benchmark_datasets/deep-2M-gt-1000.npy,2000000,2M,hnsw
314,314,1.0,3252243,fractals-1,/mnt/nas1/fvs_benchmark_datasets/deep-2M-gt-1000.npy,2000000,2M,hnsw
315,315,1.0,2493385,fractals-1,/mnt/nas1/fvs_benchmark_datasets/deep-2M-gt-1000.npy,2000000,2M,hnsw
316,316,1.0,2464092,fractals-1,/mnt/nas1/fvs_benchmark_datasets/deep-2M-gt-1000.npy,2000000,2M,hnsw
317,317,1.0,3795049,fractals-1,/mnt/nas1/fvs_benchmark_datasets/deep-2M-gt-1000.npy,2000000,2M,hnsw
318,318,1.0,2484867,fractals-1,/mnt/nas1/fvs_benchmark_datasets/deep-2M-gt-1000.npy,2000000,2M,hnsw
319,319,1.0,1544366,fractals-1,/mnt/nas1/fvs_benchmark_datasets/deep-2M-gt-1000.npy,2000000,2M,hnsw
320,320,1.0,1607011,fractals-1,/mnt/nas1/fvs_benchmark_datasets/deep-2M-gt-1000.npy,2000000,2M,hnsw
321,321,1.0,4326183,fractals-1,/mnt/nas1/fvs_benchmark_datasets/deep-2M-gt-1000.npy,2000000,2M,hnsw
322,322,1.0,2133340,fractals-1,/mnt/nas1/fvs_benchmark_datasets/deep-2M-gt-1000.npy,2000000,2M,hnsw
323,323,1.0,3669947,fractals-1,/mnt/nas1/fvs_benchmark_datasets/deep-2M-gt-1000.npy,2000000,2M,hnsw
324,324,1.0,2047657,fractals-1,/mnt/nas1/fvs_benchmark_datasets/deep-2M-gt-1000.npy,2000000,2M,hnsw
325,325,1.0,1524059,fractals-1,/mnt/nas1/fvs_benchmark_datasets/deep-2M-gt-1000.npy,2000000,2M,hnsw
326,326,1.0,3954842,fractals-1,/mnt/nas1/fvs_benchmark_datasets/deep-2M-gt-1000.npy,2000000,2M,hnsw
327,327,1.0,2016179,fractals-1,/mnt/nas1/fvs_benchmark_datasets/deep-2M-gt-1000.npy,2000000,2M,hnsw
328,328,1.0,3062772,fractals-1,/mnt/nas1/fvs_benchmark_datasets/deep-2M-gt-1000.npy,2000000,2M,hnsw
329,329,1.0,3126375,fractals-1,/mnt/nas1/fvs_benchmark_datasets/deep-2M-gt-1000.npy,2000000,2M,hnsw
330,330,1.0,2321839,fractals-1,/mnt/nas1/fvs_benchmark_datasets/deep-2M-gt-1000.npy,2000000,2M,hnsw
331,331,1.0,2364563,fractals-1,/mnt/nas1/fvs_benchmark_datasets/deep-2M-gt-1000.npy,2000000,2M,hnsw
332,332,1.0,2499853,fractals-1,/mnt/nas1/fvs_benchmark_datasets/deep-2M-gt-1000.npy,2000000,2M,hnsw
333,333,1.0,4188819,fractals-1,/mnt/nas1/fvs_benchmark_datasets/deep-2M-gt-1000.npy,2000000,2M,hnsw
334,334,1.0,2574351,fractals-1,/mnt/nas1/fvs_benchmark_datasets/deep-2M-gt-1000.npy,2000000,2M,hnsw
335,335,1.0,4376851,fractals-1,/mnt/nas1/fvs_benchmark_datasets/deep-2M-gt-1000.npy,2000000,2M,hnsw
336,336,1.0,4554871,fractals-1,/mnt/nas1/fvs_benchmark_datasets/deep-2M-gt-1000.npy,2000000,2M,hnsw
337,337,1.0,4441507,fractals-1,/mnt/nas1/fvs_benchmark_datasets/deep-2M-gt-1000.npy,2000000,2M,hnsw
338,338,1.0,1532860,fractals-1,/mnt/nas1/fvs_benchmark_datasets/deep-2M-gt-1000.npy,2000000,2M,hnsw
339,339,1.0,2282702,fractals-1,/mnt/nas1/fvs_benchmark_datasets/deep-2M-gt-1000.npy,2000000,2M,hnsw
340,340,0.95,3157668,fractals-1,/mnt/nas1/fvs_benchmark_datasets/deep-2M-gt-1000.npy,2000000,2M,hnsw
341,341,1.0,2247507,fractals-1,/mnt/nas1/fvs_benchmark_datasets/deep-2M-gt-1000.npy,2000000,2M,hnsw
342,342,0.95,2576749,fractals-1,/mnt/nas1/fvs_benchmark_datasets/deep-2M-gt-1000.npy,2000000,2M,hnsw
343,343,0.8,3954379,fractals-1,/mnt/nas1/fvs_benchmark_datasets/deep-2M-gt-1000.npy,2000000,2M,hnsw
344,344,1.0,2893239,fractals-1,/mnt/nas1/fvs_benchmark_datasets/deep-2M-gt-1000.npy,2000000,2M,hnsw
345,345,1.0,5629512,fractals-1,/mnt/nas1/fvs_benchmark_datasets/deep-2M-gt-1000.npy,2000000,2M,hnsw
346,346,1.0,2402673,fractals-1,/mnt/nas1/fvs_benchmark_datasets/deep-2M-gt-1000.npy,2000000,2M,hnsw
347,347,1.0,2841695,fractals-1,/mnt/nas1/fvs_benchmark_datasets/deep-2M-gt-1000.npy,2000000,2M,hnsw
348,348,1.0,3456559,fractals-1,/mnt/nas1/fvs_benchmark_datasets/deep-2M-gt-1000.npy,2000000,2M,hnsw
349,349,1.0,2173897,fractals-1,/mnt/nas1/fvs_benchmark_datasets/deep-2M-gt-1000.npy,2000000,2M,hnsw
350,350,1.0,2139232,fractals-1,/mnt/nas1/fvs_benchmark_datasets/deep-2M-gt-1000.npy,2000000,2M,hnsw
351,351,1.0,3470547,fractals-1,/mnt/nas1/fvs_benchmark_datasets/deep-2M-gt-1000.npy,2000000,2M,hnsw
352,352,1.0,2385831,fractals-1,/mnt/nas1/fvs_benchmark_datasets/deep-2M-gt-1000.npy,2000000,2M,hnsw
353,353,1.0,2997388,fractals-1,/mnt/nas1/fvs_benchmark_datasets/deep-2M-gt-1000.npy,2000000,2M,hnsw
354,354,1.0,2048252,fractals-1,/mnt/nas1/fvs_benchmark_datasets/deep-2M-gt-1000.npy,2000000,2M,hnsw
355,355,1.0,4093266,fractals-1,/mnt/nas1/fvs_benchmark_datasets/deep-2M-gt-1000.npy,2000000,2M,hnsw
356,356,1.0,4460746,fractals-1,/mnt/nas1/fvs_benchmark_datasets/deep-2M-gt-1000.npy,2000000,2M,hnsw
357,357,1.0,2215996,fractals-1,/mnt/nas1/fvs_benchmark_datasets/deep-2M-gt-1000.npy,2000000,2M,hnsw
358,358,1.0,3161049,fractals-1,/mnt/nas1/fvs_benchmark_datasets/deep-2M-gt-1000.npy,2000000,2M,hnsw
359,359,1.0,3628503,fractals-1,/mnt/nas1/fvs_benchmark_datasets/deep-2M-gt-1000.npy,2000000,2M,hnsw
360,360,1.0,4063844,fractals-1,/mnt/nas1/fvs_benchmark_datasets/deep-2M-gt-1000.npy,2000000,2M,hnsw
361,361,0.95,5395561,fractals-1,/mnt/nas1/fvs_benchmark_datasets/deep-2M-gt-1000.npy,2000000,2M,hnsw
362,362,1.0,3602531,fractals-1,/mnt/nas1/fvs_benchmark_datasets/deep-2M-gt-1000.npy,2000000,2M,hnsw
363,363,0.8,2861452,fractals-1,/mnt/nas1/fvs_benchmark_datasets/deep-2M-gt-1000.npy,2000000,2M,hnsw
364,364,1.0,2530371,fractals-1,/mnt/nas1/fvs_benchmark_datasets/deep-2M-gt-1000.npy,2000000,2M,hnsw
365,365,1.0,3324048,fractals-1,/mnt/nas1/fvs_benchmark_datasets/deep-2M-gt-1000.npy,2000000,2M,hnsw
366,366,1.0,2375821,fractals-1,/mnt/nas1/fvs_benchmark_datasets/deep-2M-gt-1000.npy,2000000,2M,hnsw
367,367,1.0,1947061,fractals-1,/mnt/nas1/fvs_benchmark_datasets/deep-2M-gt-1000.npy,2000000,2M,hnsw
368,368,1.0,2395961,fractals-1,/mnt/nas1/fvs_benchmark_datasets/deep-2M-gt-1000.npy,2000000,2M,hnsw
369,369,1.0,3289310,fractals-1,/mnt/nas1/fvs_benchmark_datasets/deep-2M-gt-1000.npy,2000000,2M,hnsw
370,370,1.0,3251691,fractals-1,/mnt/nas1/fvs_benchmark_datasets/deep-2M-gt-1000.npy,2000000,2M,hnsw
371,371,0.95,2047619,fractals-1,/mnt/nas1/fvs_benchmark_datasets/deep-2M-gt-1000.npy,2000000,2M,hnsw
372,372,0.9,3472418,fractals-1,/mnt/nas1/fvs_benchmark_datasets/deep-2M-gt-1000.npy,2000000,2M,hnsw
373,373,1.0,2026604,fractals-1,/mnt/nas1/fvs_benchmark_datasets/deep-2M-gt-1000.npy,2000000,2M,hnsw
374,374,1.0,2032656,fractals-1,/mnt/nas1/fvs_benchmark_datasets/deep-2M-gt-1000.npy,2000000,2M,hnsw
375,375,1.0,1961949,fractals-1,/mnt/nas1/fvs_benchmark_datasets/deep-2M-gt-1000.npy,2000000,2M,hnsw
376,376,1.0,884660,fractals-1,/mnt/nas1/fvs_benchmark_datasets/deep-2M-gt-1000.npy,2000000,2M,hnsw
377,377,1.0,2878991,fractals-1,/mnt/nas1/fvs_benchmark_datasets/deep-2M-gt-1000.npy,2000000,2M,hnsw
378,378,1.0,1570442,fractals-1,/mnt/nas1/fvs_benchmark_datasets/deep-2M-gt-1000.npy,2000000,2M,hnsw
379,379,1.0,2351046,fractals-1,/mnt/nas1/fvs_benchmark_datasets/deep-2M-gt-1000.npy,2000000,2M,hnsw
380,380,0.9,2594580,fractals-1,/mnt/nas1/fvs_benchmark_datasets/deep-2M-gt-1000.npy,2000000,2M,hnsw
381,381,1.0,3837049,fractals-1,/mnt/nas1/fvs_benchmark_datasets/deep-2M-gt-1000.npy,2000000,2M,hnsw
382,382,1.0,3428518,fractals-1,/mnt/nas1/fvs_benchmark_datasets/deep-2M-gt-1000.npy,2000000,2M,hnsw
383,383,1.0,2980115,fractals-1,/mnt/nas1/fvs_benchmark_datasets/deep-2M-gt-1000.npy,2000000,2M,hnsw
384,384,1.0,2106098,fractals-1,/mnt/nas1/fvs_benchmark_datasets/deep-2M-gt-1000.npy,2000000,2M,hnsw
385,385,1.0,3870966,fractals-1,/mnt/nas1/fvs_benchmark_datasets/deep-2M-gt-1000.npy,2000000,2M,hnsw
386,386,0.95,4009574,fractals-1,/mnt/nas1/fvs_benchmark_datasets/deep-2M-gt-1000.npy,2000000,2M,hnsw
387,387,1.0,1917241,fractals-1,/mnt/nas1/fvs_benchmark_datasets/deep-2M-gt-1000.npy,2000000,2M,hnsw
388,388,0.9,6473480,fractals-1,/mnt/nas1/fvs_benchmark_datasets/deep-2M-gt-1000.npy,2000000,2M,hnsw
389,389,1.0,2924051,fractals-1,/mnt/nas1/fvs_benchmark_datasets/deep-2M-gt-1000.npy,2000000,2M,hnsw
390,390,1.0,1514425,fractals-1,/mnt/nas1/fvs_benchmark_datasets/deep-2M-gt-1000.npy,2000000,2M,hnsw
391,391,1.0,2591356,fractals-1,/mnt/nas1/fvs_benchmark_datasets/deep-2M-gt-1000.npy,2000000,2M,hnsw
392,392,1.0,1660198,fractals-1,/mnt/nas1/fvs_benchmark_datasets/deep-2M-gt-1000.npy,2000000,2M,hnsw
393,393,1.0,5386409,fractals-1,/mnt/nas1/fvs_benchmark_datasets/deep-2M-gt-1000.npy,2000000,2M,hnsw
394,394,1.0,4802171,fractals-1,/mnt/nas1/fvs_benchmark_datasets/deep-2M-gt-1000.npy,2000000,2M,hnsw
395,395,1.0,2015343,fractals-1,/mnt/nas1/fvs_benchmark_datasets/deep-2M-gt-1000.npy,2000000,2M,hnsw
396,396,1.0,4153593,fractals-1,/mnt/nas1/fvs_benchmark_datasets/deep-2M-gt-1000.npy,2000000,2M,hnsw
397,397,1.0,4560522,fractals-1,/mnt/nas1/fvs_benchmark_datasets/deep-2M-gt-1000.npy,2000000,2M,hnsw
398,398,1.0,3134407,fractals-1,/mnt/nas1/fvs_benchmark_datasets/deep-2M-gt-1000.npy,2000000,2M,hnsw
399,399,1.0,2428918,fractals-1,/mnt/nas1/fvs_benchmark_datasets/deep-2M-gt-1000.npy,2000000,2M,hnsw
400,400,0.95,4946523,fractals-1,/mnt/nas1/fvs_benchmark_datasets/deep-2M-gt-1000.npy,2000000,2M,hnsw
401,401,1.0,3905827,fractals-1,/mnt/nas1/fvs_benchmark_datasets/deep-2M-gt-1000.npy,2000000,2M,hnsw
402,402,1.0,2700690,fractals-1,/mnt/nas1/fvs_benchmark_datasets/deep-2M-gt-1000.npy,2000000,2M,hnsw
403,403,1.0,2965826,fractals-1,/mnt/nas1/fvs_benchmark_datasets/deep-2M-gt-1000.npy,2000000,2M,hnsw
404,404,1.0,3473045,fractals-1,/mnt/nas1/fvs_benchmark_datasets/deep-2M-gt-1000.npy,2000000,2M,hnsw
405,405,1.0,3685325,fractals-1,/mnt/nas1/fvs_benchmark_datasets/deep-2M-gt-1000.npy,2000000,2M,hnsw
406,406,1.0,4920253,fractals-1,/mnt/nas1/fvs_benchmark_datasets/deep-2M-gt-1000.npy,2000000,2M,hnsw
407,407,1.0,4717557,fractals-1,/mnt/nas1/fvs_benchmark_datasets/deep-2M-gt-1000.npy,2000000,2M,hnsw
408,408,1.0,3390575,fractals-1,/mnt/nas1/fvs_benchmark_datasets/deep-2M-gt-1000.npy,2000000,2M,hnsw
409,409,1.0,2575278,fractals-1,/mnt/nas1/fvs_benchmark_datasets/deep-2M-gt-1000.npy,2000000,2M,hnsw
410,410,1.0,4816795,fractals-1,/mnt/nas1/fvs_benchmark_datasets/deep-2M-gt-1000.npy,2000000,2M,hnsw
411,411,1.0,1887556,fractals-1,/mnt/nas1/fvs_benchmark_datasets/deep-2M-gt-1000.npy,2000000,2M,hnsw
412,412,1.0,3799198,fractals-1,/mnt/nas1/fvs_benchmark_datasets/deep-2M-gt-1000.npy,2000000,2M,hnsw
413,413,1.0,2880940,fractals-1,/mnt/nas1/fvs_benchmark_datasets/deep-2M-gt-1000.npy,2000000,2M,hnsw
414,414,1.0,2551878,fractals-1,/mnt/nas1/fvs_benchmark_datasets/deep-2M-gt-1000.npy,2000000,2M,hnsw
415,415,1.0,2999495,fractals-1,/mnt/nas1/fvs_benchmark_datasets/deep-2M-gt-1000.npy,2000000,2M,hnsw
416,416,1.0,1280682,fractals-1,/mnt/nas1/fvs_benchmark_datasets/deep-2M-gt-1000.npy,2000000,2M,hnsw
417,417,0.95,4058305,fractals-1,/mnt/nas1/fvs_benchmark_datasets/deep-2M-gt-1000.npy,2000000,2M,hnsw
418,418,1.0,3552500,fractals-1,/mnt/nas1/fvs_benchmark_datasets/deep-2M-gt-1000.npy,2000000,2M,hnsw
419,419,1.0,5531231,fractals-1,/mnt/nas1/fvs_benchmark_datasets/deep-2M-gt-1000.npy,2000000,2M,hnsw
420,420,1.0,2872034,fractals-1,/mnt/nas1/fvs_benchmark_datasets/deep-2M-gt-1000.npy,2000000,2M,hnsw
421,421,1.0,4405209,fractals-1,/mnt/nas1/fvs_benchmark_datasets/deep-2M-gt-1000.npy,2000000,2M,hnsw
422,422,1.0,1912810,fractals-1,/mnt/nas1/fvs_benchmark_datasets/deep-2M-gt-1000.npy,2000000,2M,hnsw
423,423,1.0,2872073,fractals-1,/mnt/nas1/fvs_benchmark_datasets/deep-2M-gt-1000.npy,2000000,2M,hnsw
424,424,1.0,2447562,fractals-1,/mnt/nas1/fvs_benchmark_datasets/deep-2M-gt-1000.npy,2000000,2M,hnsw
425,425,0.95,4152438,fractals-1,/mnt/nas1/fvs_benchmark_datasets/deep-2M-gt-1000.npy,2000000,2M,hnsw
426,426,1.0,4067035,fractals-1,/mnt/nas1/fvs_benchmark_datasets/deep-2M-gt-1000.npy,2000000,2M,hnsw
427,427,0.85,4275747,fractals-1,/mnt/nas1/fvs_benchmark_datasets/deep-2M-gt-1000.npy,2000000,2M,hnsw
428,428,1.0,2819573,fractals-1,/mnt/nas1/fvs_benchmark_datasets/deep-2M-gt-1000.npy,2000000,2M,hnsw
429,429,1.0,4544989,fractals-1,/mnt/nas1/fvs_benchmark_datasets/deep-2M-gt-1000.npy,2000000,2M,hnsw
430,430,1.0,3335983,fractals-1,/mnt/nas1/fvs_benchmark_datasets/deep-2M-gt-1000.npy,2000000,2M,hnsw
431,431,1.0,4127053,fractals-1,/mnt/nas1/fvs_benchmark_datasets/deep-2M-gt-1000.npy,2000000,2M,hnsw
432,432,1.0,4710744,fractals-1,/mnt/nas1/fvs_benchmark_datasets/deep-2M-gt-1000.npy,2000000,2M,hnsw
433,433,1.0,2446432,fractals-1,/mnt/nas1/fvs_benchmark_datasets/deep-2M-gt-1000.npy,2000000,2M,hnsw
434,434,1.0,5044401,fractals-1,/mnt/nas1/fvs_benchmark_datasets/deep-2M-gt-1000.npy,2000000,2M,hnsw
435,435,1.0,2808928,fractals-1,/mnt/nas1/fvs_benchmark_datasets/deep-2M-gt-1000.npy,2000000,2M,hnsw
436,436,1.0,3052280,fractals-1,/mnt/nas1/fvs_benchmark_datasets/deep-2M-gt-1000.npy,2000000,2M,hnsw
437,437,0.95,3066921,fractals-1,/mnt/nas1/fvs_benchmark_datasets/deep-2M-gt-1000.npy,2000000,2M,hnsw
438,438,1.0,3202224,fractals-1,/mnt/nas1/fvs_benchmark_datasets/deep-2M-gt-1000.npy,2000000,2M,hnsw
439,439,1.0,2305272,fractals-1,/mnt/nas1/fvs_benchmark_datasets/deep-2M-gt-1000.npy,2000000,2M,hnsw
440,440,1.0,1626940,fractals-1,/mnt/nas1/fvs_benchmark_datasets/deep-2M-gt-1000.npy,2000000,2M,hnsw
441,441,1.0,4014659,fractals-1,/mnt/nas1/fvs_benchmark_datasets/deep-2M-gt-1000.npy,2000000,2M,hnsw
442,442,1.0,3890754,fractals-1,/mnt/nas1/fvs_benchmark_datasets/deep-2M-gt-1000.npy,2000000,2M,hnsw
443,443,1.0,2693183,fractals-1,/mnt/nas1/fvs_benchmark_datasets/deep-2M-gt-1000.npy,2000000,2M,hnsw
444,444,1.0,4420549,fractals-1,/mnt/nas1/fvs_benchmark_datasets/deep-2M-gt-1000.npy,2000000,2M,hnsw
445,445,1.0,2606439,fractals-1,/mnt/nas1/fvs_benchmark_datasets/deep-2M-gt-1000.npy,2000000,2M,hnsw
446,446,1.0,2215400,fractals-1,/mnt/nas1/fvs_benchmark_datasets/deep-2M-gt-1000.npy,2000000,2M,hnsw
447,447,0.95,2363204,fractals-1,/mnt/nas1/fvs_benchmark_datasets/deep-2M-gt-1000.npy,2000000,2M,hnsw
448,448,1.0,2154439,fractals-1,/mnt/nas1/fvs_benchmark_datasets/deep-2M-gt-1000.npy,2000000,2M,hnsw
449,449,0.55,1195680,fractals-1,/mnt/nas1/fvs_benchmark_datasets/deep-2M-gt-1000.npy,2000000,2M,hnsw
450,450,1.0,1304098,fractals-1,/mnt/nas1/fvs_benchmark_datasets/deep-2M-gt-1000.npy,2000000,2M,hnsw
451,451,1.0,3512423,fractals-1,/mnt/nas1/fvs_benchmark_datasets/deep-2M-gt-1000.npy,2000000,2M,hnsw
452,452,1.0,3011707,fractals-1,/mnt/nas1/fvs_benchmark_datasets/deep-2M-gt-1000.npy,2000000,2M,hnsw
453,453,1.0,2236210,fractals-1,/mnt/nas1/fvs_benchmark_datasets/deep-2M-gt-1000.npy,2000000,2M,hnsw
454,454,1.0,2113281,fractals-1,/mnt/nas1/fvs_benchmark_datasets/deep-2M-gt-1000.npy,2000000,2M,hnsw
455,455,0.95,3396817,fractals-1,/mnt/nas1/fvs_benchmark_datasets/deep-2M-gt-1000.npy,2000000,2M,hnsw
456,456,1.0,1456943,fractals-1,/mnt/nas1/fvs_benchmark_datasets/deep-2M-gt-1000.npy,2000000,2M,hnsw
457,457,1.0,1258739,fractals-1,/mnt/nas1/fvs_benchmark_datasets/deep-2M-gt-1000.npy,2000000,2M,hnsw
458,458,1.0,1820447,fractals-1,/mnt/nas1/fvs_benchmark_datasets/deep-2M-gt-1000.npy,2000000,2M,hnsw
459,459,1.0,2170405,fractals-1,/mnt/nas1/fvs_benchmark_datasets/deep-2M-gt-1000.npy,2000000,2M,hnsw
460,460,1.0,2499737,fractals-1,/mnt/nas1/fvs_benchmark_datasets/deep-2M-gt-1000.npy,2000000,2M,hnsw
461,461,1.0,3047934,fractals-1,/mnt/nas1/fvs_benchmark_datasets/deep-2M-gt-1000.npy,2000000,2M,hnsw
462,462,1.0,3087111,fractals-1,/mnt/nas1/fvs_benchmark_datasets/deep-2M-gt-1000.npy,2000000,2M,hnsw
463,463,1.0,4247107,fractals-1,/mnt/nas1/fvs_benchmark_datasets/deep-2M-gt-1000.npy,2000000,2M,hnsw
464,464,1.0,7491621,fractals-1,/mnt/nas1/fvs_benchmark_datasets/deep-2M-gt-1000.npy,2000000,2M,hnsw
465,465,1.0,3444193,fractals-1,/mnt/nas1/fvs_benchmark_datasets/deep-2M-gt-1000.npy,2000000,2M,hnsw
466,466,1.0,4423304,fractals-1,/mnt/nas1/fvs_benchmark_datasets/deep-2M-gt-1000.npy,2000000,2M,hnsw
467,467,1.0,3186409,fractals-1,/mnt/nas1/fvs_benchmark_datasets/deep-2M-gt-1000.npy,2000000,2M,hnsw
468,468,1.0,2444938,fractals-1,/mnt/nas1/fvs_benchmark_datasets/deep-2M-gt-1000.npy,2000000,2M,hnsw
469,469,1.0,2909460,fractals-1,/mnt/nas1/fvs_benchmark_datasets/deep-2M-gt-1000.npy,2000000,2M,hnsw
470,470,1.0,2968344,fractals-1,/mnt/nas1/fvs_benchmark_datasets/deep-2M-gt-1000.npy,2000000,2M,hnsw
471,471,1.0,5111695,fractals-1,/mnt/nas1/fvs_benchmark_datasets/deep-2M-gt-1000.npy,2000000,2M,hnsw
472,472,1.0,2568772,fractals-1,/mnt/nas1/fvs_benchmark_datasets/deep-2M-gt-1000.npy,2000000,2M,hnsw
473,473,1.0,2508793,fractals-1,/mnt/nas1/fvs_benchmark_datasets/deep-2M-gt-1000.npy,2000000,2M,hnsw
474,474,1.0,3615845,fractals-1,/mnt/nas1/fvs_benchmark_datasets/deep-2M-gt-1000.npy,2000000,2M,hnsw
475,475,1.0,2774169,fractals-1,/mnt/nas1/fvs_benchmark_datasets/deep-2M-gt-1000.npy,2000000,2M,hnsw
476,476,0.9,3742564,fractals-1,/mnt/nas1/fvs_benchmark_datasets/deep-2M-gt-1000.npy,2000000,2M,hnsw
477,477,1.0,2875776,fractals-1,/mnt/nas1/fvs_benchmark_datasets/deep-2M-gt-1000.npy,2000000,2M,hnsw
478,478,0.95,2542439,fractals-1,/mnt/nas1/fvs_benchmark_datasets/deep-2M-gt-1000.npy,2000000,2M,hnsw
479,479,1.0,2602690,fractals-1,/mnt/nas1/fvs_benchmark_datasets/deep-2M-gt-1000.npy,2000000,2M,hnsw
480,480,1.0,2986238,fractals-1,/mnt/nas1/fvs_benchmark_datasets/deep-2M-gt-1000.npy,2000000,2M,hnsw
481,481,1.0,3810319,fractals-1,/mnt/nas1/fvs_benchmark_datasets/deep-2M-gt-1000.npy,2000000,2M,hnsw
482,482,1.0,2752579,fractals-1,/mnt/nas1/fvs_benchmark_datasets/deep-2M-gt-1000.npy,2000000,2M,hnsw
483,483,0.95,2765259,fractals-1,/mnt/nas1/fvs_benchmark_datasets/deep-2M-gt-1000.npy,2000000,2M,hnsw
484,484,1.0,3311204,fractals-1,/mnt/nas1/fvs_benchmark_datasets/deep-2M-gt-1000.npy,2000000,2M,hnsw
485,485,1.0,1584680,fractals-1,/mnt/nas1/fvs_benchmark_datasets/deep-2M-gt-1000.npy,2000000,2M,hnsw
486,486,1.0,2613579,fractals-1,/mnt/nas1/fvs_benchmark_datasets/deep-2M-gt-1000.npy,2000000,2M,hnsw
487,487,1.0,1495651,fractals-1,/mnt/nas1/fvs_benchmark_datasets/deep-2M-gt-1000.npy,2000000,2M,hnsw
488,488,1.0,2636968,fractals-1,/mnt/nas1/fvs_benchmark_datasets/deep-2M-gt-1000.npy,2000000,2M,hnsw
489,489,0.95,4208193,fractals-1,/mnt/nas1/fvs_benchmark_datasets/deep-2M-gt-1000.npy,2000000,2M,hnsw
490,490,1.0,3240782,fractals-1,/mnt/nas1/fvs_benchmark_datasets/deep-2M-gt-1000.npy,2000000,2M,hnsw
491,491,1.0,1389149,fractals-1,/mnt/nas1/fvs_benchmark_datasets/deep-2M-gt-1000.npy,2000000,2M,hnsw
492,492,1.0,2506758,fractals-1,/mnt/nas1/fvs_benchmark_datasets/deep-2M-gt-1000.npy,2000000,2M,hnsw
493,493,1.0,3801995,fractals-1,/mnt/nas1/fvs_benchmark_datasets/deep-2M-gt-1000.npy,2000000,2M,hnsw
494,494,1.0,2646586,fractals-1,/mnt/nas1/fvs_benchmark_datasets/deep-2M-gt-1000.npy,2000000,2M,hnsw
495,495,1.0,3863768,fractals-1,/mnt/nas1/fvs_benchmark_datasets/deep-2M-gt-1000.npy,2000000,2M,hnsw
496,496,1.0,2278696,fractals-1,/mnt/nas1/fvs_benchmark_datasets/deep-2M-gt-1000.npy,2000000,2M,hnsw
497,497,1.0,2162023,fractals-1,/mnt/nas1/fvs_benchmark_datasets/deep-2M-gt-1000.npy,2000000,2M,hnsw
498,498,1.0,2190283,fractals-1,/mnt/nas1/fvs_benchmark_datasets/deep-2M-gt-1000.npy,2000000,2M,hnsw
499,499,1.0,2118651,fractals-1,/mnt/nas1/fvs_benchmark_datasets/deep-2M-gt-1000.npy,2000000,2M,hnsw
500,500,1.0,2255014,fractals-1,/mnt/nas1/fvs_benchmark_datasets/deep-2M-gt-1000.npy,2000000,2M,hnsw
501,501,0.95,2369649,fractals-1,/mnt/nas1/fvs_benchmark_datasets/deep-2M-gt-1000.npy,2000000,2M,hnsw
502,502,1.0,3584534,fractals-1,/mnt/nas1/fvs_benchmark_datasets/deep-2M-gt-1000.npy,2000000,2M,hnsw
503,503,1.0,3626811,fractals-1,/mnt/nas1/fvs_benchmark_datasets/deep-2M-gt-1000.npy,2000000,2M,hnsw
504,504,1.0,4057671,fractals-1,/mnt/nas1/fvs_benchmark_datasets/deep-2M-gt-1000.npy,2000000,2M,hnsw
505,505,1.0,3350677,fractals-1,/mnt/nas1/fvs_benchmark_datasets/deep-2M-gt-1000.npy,2000000,2M,hnsw
506,506,1.0,3123328,fractals-1,/mnt/nas1/fvs_benchmark_datasets/deep-2M-gt-1000.npy,2000000,2M,hnsw
507,507,0.95,2718577,fractals-1,/mnt/nas1/fvs_benchmark_datasets/deep-2M-gt-1000.npy,2000000,2M,hnsw
508,508,1.0,2681985,fractals-1,/mnt/nas1/fvs_benchmark_datasets/deep-2M-gt-1000.npy,2000000,2M,hnsw
509,509,1.0,2872739,fractals-1,/mnt/nas1/fvs_benchmark_datasets/deep-2M-gt-1000.npy,2000000,2M,hnsw
510,510,1.0,2080474,fractals-1,/mnt/nas1/fvs_benchmark_datasets/deep-2M-gt-1000.npy,2000000,2M,hnsw
511,511,1.0,2805107,fractals-1,/mnt/nas1/fvs_benchmark_datasets/deep-2M-gt-1000.npy,2000000,2M,hnsw
512,512,1.0,1725784,fractals-1,/mnt/nas1/fvs_benchmark_datasets/deep-2M-gt-1000.npy,2000000,2M,hnsw
513,513,1.0,3388497,fractals-1,/mnt/nas1/fvs_benchmark_datasets/deep-2M-gt-1000.npy,2000000,2M,hnsw
514,514,1.0,1812320,fractals-1,/mnt/nas1/fvs_benchmark_datasets/deep-2M-gt-1000.npy,2000000,2M,hnsw
515,515,1.0,4085020,fractals-1,/mnt/nas1/fvs_benchmark_datasets/deep-2M-gt-1000.npy,2000000,2M,hnsw
516,516,0.95,4194379,fractals-1,/mnt/nas1/fvs_benchmark_datasets/deep-2M-gt-1000.npy,2000000,2M,hnsw
517,517,1.0,2038101,fractals-1,/mnt/nas1/fvs_benchmark_datasets/deep-2M-gt-1000.npy,2000000,2M,hnsw
518,518,1.0,1850536,fractals-1,/mnt/nas1/fvs_benchmark_datasets/deep-2M-gt-1000.npy,2000000,2M,hnsw
519,519,1.0,1511514,fractals-1,/mnt/nas1/fvs_benchmark_datasets/deep-2M-gt-1000.npy,2000000,2M,hnsw
520,520,1.0,3781438,fractals-1,/mnt/nas1/fvs_benchmark_datasets/deep-2M-gt-1000.npy,2000000,2M,hnsw
521,521,0.9,3680675,fractals-1,/mnt/nas1/fvs_benchmark_datasets/deep-2M-gt-1000.npy,2000000,2M,hnsw
522,522,1.0,3782571,fractals-1,/mnt/nas1/fvs_benchmark_datasets/deep-2M-gt-1000.npy,2000000,2M,hnsw
523,523,1.0,2337016,fractals-1,/mnt/nas1/fvs_benchmark_datasets/deep-2M-gt-1000.npy,2000000,2M,hnsw
524,524,1.0,1906640,fractals-1,/mnt/nas1/fvs_benchmark_datasets/deep-2M-gt-1000.npy,2000000,2M,hnsw
525,525,1.0,3262078,fractals-1,/mnt/nas1/fvs_benchmark_datasets/deep-2M-gt-1000.npy,2000000,2M,hnsw
526,526,0.85,2443297,fractals-1,/mnt/nas1/fvs_benchmark_datasets/deep-2M-gt-1000.npy,2000000,2M,hnsw
527,527,1.0,2562026,fractals-1,/mnt/nas1/fvs_benchmark_datasets/deep-2M-gt-1000.npy,2000000,2M,hnsw
528,528,1.0,2973093,fractals-1,/mnt/nas1/fvs_benchmark_datasets/deep-2M-gt-1000.npy,2000000,2M,hnsw
529,529,1.0,3493416,fractals-1,/mnt/nas1/fvs_benchmark_datasets/deep-2M-gt-1000.npy,2000000,2M,hnsw
530,530,0.5,4729487,fractals-1,/mnt/nas1/fvs_benchmark_datasets/deep-2M-gt-1000.npy,2000000,2M,hnsw
531,531,1.0,1688155,fractals-1,/mnt/nas1/fvs_benchmark_datasets/deep-2M-gt-1000.npy,2000000,2M,hnsw
532,532,1.0,2368073,fractals-1,/mnt/nas1/fvs_benchmark_datasets/deep-2M-gt-1000.npy,2000000,2M,hnsw
533,533,0.95,2879204,fractals-1,/mnt/nas1/fvs_benchmark_datasets/deep-2M-gt-1000.npy,2000000,2M,hnsw
534,534,1.0,3379786,fractals-1,/mnt/nas1/fvs_benchmark_datasets/deep-2M-gt-1000.npy,2000000,2M,hnsw
535,535,1.0,1997315,fractals-1,/mnt/nas1/fvs_benchmark_datasets/deep-2M-gt-1000.npy,2000000,2M,hnsw
536,536,1.0,3013597,fractals-1,/mnt/nas1/fvs_benchmark_datasets/deep-2M-gt-1000.npy,2000000,2M,hnsw
537,537,1.0,2088504,fractals-1,/mnt/nas1/fvs_benchmark_datasets/deep-2M-gt-1000.npy,2000000,2M,hnsw
538,538,1.0,2379262,fractals-1,/mnt/nas1/fvs_benchmark_datasets/deep-2M-gt-1000.npy,2000000,2M,hnsw
539,539,1.0,1191222,fractals-1,/mnt/nas1/fvs_benchmark_datasets/deep-2M-gt-1000.npy,2000000,2M,hnsw
540,540,1.0,3806758,fractals-1,/mnt/nas1/fvs_benchmark_datasets/deep-2M-gt-1000.npy,2000000,2M,hnsw
541,541,1.0,2894413,fractals-1,/mnt/nas1/fvs_benchmark_datasets/deep-2M-gt-1000.npy,2000000,2M,hnsw
542,542,1.0,1938675,fractals-1,/mnt/nas1/fvs_benchmark_datasets/deep-2M-gt-1000.npy,2000000,2M,hnsw
543,543,1.0,1730885,fractals-1,/mnt/nas1/fvs_benchmark_datasets/deep-2M-gt-1000.npy,2000000,2M,hnsw
544,544,1.0,2351052,fractals-1,/mnt/nas1/fvs_benchmark_datasets/deep-2M-gt-1000.npy,2000000,2M,hnsw
545,545,1.0,2826633,fractals-1,/mnt/nas1/fvs_benchmark_datasets/deep-2M-gt-1000.npy,2000000,2M,hnsw
546,546,1.0,2507521,fractals-1,/mnt/nas1/fvs_benchmark_datasets/deep-2M-gt-1000.npy,2000000,2M,hnsw
547,547,1.0,4141145,fractals-1,/mnt/nas1/fvs_benchmark_datasets/deep-2M-gt-1000.npy,2000000,2M,hnsw
548,548,1.0,4777608,fractals-1,/mnt/nas1/fvs_benchmark_datasets/deep-2M-gt-1000.npy,2000000,2M,hnsw
549,549,1.0,1692754,fractals-1,/mnt/nas1/fvs_benchmark_datasets/deep-2M-gt-1000.npy,2000000,2M,hnsw
550,550,0.95,2643512,fractals-1,/mnt/nas1/fvs_benchmark_datasets/deep-2M-gt-1000.npy,2000000,2M,hnsw
551,551,1.0,2100417,fractals-1,/mnt/nas1/fvs_benchmark_datasets/deep-2M-gt-1000.npy,2000000,2M,hnsw
552,552,1.0,1354866,fractals-1,/mnt/nas1/fvs_benchmark_datasets/deep-2M-gt-1000.npy,2000000,2M,hnsw
553,553,1.0,2808495,fractals-1,/mnt/nas1/fvs_benchmark_datasets/deep-2M-gt-1000.npy,2000000,2M,hnsw
554,554,1.0,2817923,fractals-1,/mnt/nas1/fvs_benchmark_datasets/deep-2M-gt-1000.npy,2000000,2M,hnsw
555,555,1.0,1601563,fractals-1,/mnt/nas1/fvs_benchmark_datasets/deep-2M-gt-1000.npy,2000000,2M,hnsw
556,556,1.0,2642503,fractals-1,/mnt/nas1/fvs_benchmark_datasets/deep-2M-gt-1000.npy,2000000,2M,hnsw
557,557,1.0,2014027,fractals-1,/mnt/nas1/fvs_benchmark_datasets/deep-2M-gt-1000.npy,2000000,2M,hnsw
558,558,1.0,2614030,fractals-1,/mnt/nas1/fvs_benchmark_datasets/deep-2M-gt-1000.npy,2000000,2M,hnsw
559,559,1.0,2402805,fractals-1,/mnt/nas1/fvs_benchmark_datasets/deep-2M-gt-1000.npy,2000000,2M,hnsw
560,560,1.0,3189143,fractals-1,/mnt/nas1/fvs_benchmark_datasets/deep-2M-gt-1000.npy,2000000,2M,hnsw
561,561,1.0,1818058,fractals-1,/mnt/nas1/fvs_benchmark_datasets/deep-2M-gt-1000.npy,2000000,2M,hnsw
562,562,1.0,2920815,fractals-1,/mnt/nas1/fvs_benchmark_datasets/deep-2M-gt-1000.npy,2000000,2M,hnsw
563,563,1.0,1253229,fractals-1,/mnt/nas1/fvs_benchmark_datasets/deep-2M-gt-1000.npy,2000000,2M,hnsw
564,564,1.0,2703408,fractals-1,/mnt/nas1/fvs_benchmark_datasets/deep-2M-gt-1000.npy,2000000,2M,hnsw
565,565,1.0,4164567,fractals-1,/mnt/nas1/fvs_benchmark_datasets/deep-2M-gt-1000.npy,2000000,2M,hnsw
566,566,1.0,1979155,fractals-1,/mnt/nas1/fvs_benchmark_datasets/deep-2M-gt-1000.npy,2000000,2M,hnsw
567,567,1.0,1650717,fractals-1,/mnt/nas1/fvs_benchmark_datasets/deep-2M-gt-1000.npy,2000000,2M,hnsw
568,568,0.95,4691734,fractals-1,/mnt/nas1/fvs_benchmark_datasets/deep-2M-gt-1000.npy,2000000,2M,hnsw
569,569,0.9,3774770,fractals-1,/mnt/nas1/fvs_benchmark_datasets/deep-2M-gt-1000.npy,2000000,2M,hnsw
570,570,1.0,3421136,fractals-1,/mnt/nas1/fvs_benchmark_datasets/deep-2M-gt-1000.npy,2000000,2M,hnsw
571,571,1.0,2119312,fractals-1,/mnt/nas1/fvs_benchmark_datasets/deep-2M-gt-1000.npy,2000000,2M,hnsw
572,572,1.0,2588598,fractals-1,/mnt/nas1/fvs_benchmark_datasets/deep-2M-gt-1000.npy,2000000,2M,hnsw
573,573,1.0,2075054,fractals-1,/mnt/nas1/fvs_benchmark_datasets/deep-2M-gt-1000.npy,2000000,2M,hnsw
574,574,1.0,1521006,fractals-1,/mnt/nas1/fvs_benchmark_datasets/deep-2M-gt-1000.npy,2000000,2M,hnsw
575,575,0.95,1750392,fractals-1,/mnt/nas1/fvs_benchmark_datasets/deep-2M-gt-1000.npy,2000000,2M,hnsw
576,576,1.0,2416567,fractals-1,/mnt/nas1/fvs_benchmark_datasets/deep-2M-gt-1000.npy,2000000,2M,hnsw
577,577,1.0,1658719,fractals-1,/mnt/nas1/fvs_benchmark_datasets/deep-2M-gt-1000.npy,2000000,2M,hnsw
578,578,1.0,2847664,fractals-1,/mnt/nas1/fvs_benchmark_datasets/deep-2M-gt-1000.npy,2000000,2M,hnsw
579,579,1.0,1780733,fractals-1,/mnt/nas1/fvs_benchmark_datasets/deep-2M-gt-1000.npy,2000000,2M,hnsw
580,580,1.0,2875590,fractals-1,/mnt/nas1/fvs_benchmark_datasets/deep-2M-gt-1000.npy,2000000,2M,hnsw
581,581,1.0,2405512,fractals-1,/mnt/nas1/fvs_benchmark_datasets/deep-2M-gt-1000.npy,2000000,2M,hnsw
582,582,1.0,3351911,fractals-1,/mnt/nas1/fvs_benchmark_datasets/deep-2M-gt-1000.npy,2000000,2M,hnsw
583,583,1.0,2842604,fractals-1,/mnt/nas1/fvs_benchmark_datasets/deep-2M-gt-1000.npy,2000000,2M,hnsw
584,584,1.0,1401616,fractals-1,/mnt/nas1/fvs_benchmark_datasets/deep-2M-gt-1000.npy,2000000,2M,hnsw
585,585,1.0,1298163,fractals-1,/mnt/nas1/fvs_benchmark_datasets/deep-2M-gt-1000.npy,2000000,2M,hnsw
586,586,1.0,2747084,fractals-1,/mnt/nas1/fvs_benchmark_datasets/deep-2M-gt-1000.npy,2000000,2M,hnsw
587,587,0.95,3064867,fractals-1,/mnt/nas1/fvs_benchmark_datasets/deep-2M-gt-1000.npy,2000000,2M,hnsw
588,588,1.0,2858766,fractals-1,/mnt/nas1/fvs_benchmark_datasets/deep-2M-gt-1000.npy,2000000,2M,hnsw
589,589,1.0,3179768,fractals-1,/mnt/nas1/fvs_benchmark_datasets/deep-2M-gt-1000.npy,2000000,2M,hnsw
590,590,1.0,3164887,fractals-1,/mnt/nas1/fvs_benchmark_datasets/deep-2M-gt-1000.npy,2000000,2M,hnsw
591,591,1.0,2410576,fractals-1,/mnt/nas1/fvs_benchmark_datasets/deep-2M-gt-1000.npy,2000000,2M,hnsw
592,592,1.0,2456522,fractals-1,/mnt/nas1/fvs_benchmark_datasets/deep-2M-gt-1000.npy,2000000,2M,hnsw
593,593,1.0,2058199,fractals-1,/mnt/nas1/fvs_benchmark_datasets/deep-2M-gt-1000.npy,2000000,2M,hnsw
594,594,1.0,3244789,fractals-1,/mnt/nas1/fvs_benchmark_datasets/deep-2M-gt-1000.npy,2000000,2M,hnsw
595,595,1.0,1800715,fractals-1,/mnt/nas1/fvs_benchmark_datasets/deep-2M-gt-1000.npy,2000000,2M,hnsw
596,596,1.0,2664391,fractals-1,/mnt/nas1/fvs_benchmark_datasets/deep-2M-gt-1000.npy,2000000,2M,hnsw
597,597,1.0,2472979,fractals-1,/mnt/nas1/fvs_benchmark_datasets/deep-2M-gt-1000.npy,2000000,2M,hnsw
598,598,1.0,1570519,fractals-1,/mnt/nas1/fvs_benchmark_datasets/deep-2M-gt-1000.npy,2000000,2M,hnsw
599,599,1.0,3271331,fractals-1,/mnt/nas1/fvs_benchmark_datasets/deep-2M-gt-1000.npy,2000000,2M,hnsw
600,600,1.0,1918714,fractals-1,/mnt/nas1/fvs_benchmark_datasets/deep-2M-gt-1000.npy,2000000,2M,hnsw
601,601,1.0,2224722,fractals-1,/mnt/nas1/fvs_benchmark_datasets/deep-2M-gt-1000.npy,2000000,2M,hnsw
602,602,1.0,3202295,fractals-1,/mnt/nas1/fvs_benchmark_datasets/deep-2M-gt-1000.npy,2000000,2M,hnsw
603,603,1.0,3329076,fractals-1,/mnt/nas1/fvs_benchmark_datasets/deep-2M-gt-1000.npy,2000000,2M,hnsw
604,604,0.95,3939202,fractals-1,/mnt/nas1/fvs_benchmark_datasets/deep-2M-gt-1000.npy,2000000,2M,hnsw
605,605,1.0,3659975,fractals-1,/mnt/nas1/fvs_benchmark_datasets/deep-2M-gt-1000.npy,2000000,2M,hnsw
606,606,0.95,4035395,fractals-1,/mnt/nas1/fvs_benchmark_datasets/deep-2M-gt-1000.npy,2000000,2M,hnsw
607,607,1.0,1960756,fractals-1,/mnt/nas1/fvs_benchmark_datasets/deep-2M-gt-1000.npy,2000000,2M,hnsw
608,608,1.0,2665271,fractals-1,/mnt/nas1/fvs_benchmark_datasets/deep-2M-gt-1000.npy,2000000,2M,hnsw
609,609,1.0,1579142,fractals-1,/mnt/nas1/fvs_benchmark_datasets/deep-2M-gt-1000.npy,2000000,2M,hnsw
610,610,1.0,3160598,fractals-1,/mnt/nas1/fvs_benchmark_datasets/deep-2M-gt-1000.npy,2000000,2M,hnsw
611,611,1.0,2707674,fractals-1,/mnt/nas1/fvs_benchmark_datasets/deep-2M-gt-1000.npy,2000000,2M,hnsw
612,612,1.0,1904365,fractals-1,/mnt/nas1/fvs_benchmark_datasets/deep-2M-gt-1000.npy,2000000,2M,hnsw
613,613,1.0,2730092,fractals-1,/mnt/nas1/fvs_benchmark_datasets/deep-2M-gt-1000.npy,2000000,2M,hnsw
614,614,1.0,2203493,fractals-1,/mnt/nas1/fvs_benchmark_datasets/deep-2M-gt-1000.npy,2000000,2M,hnsw
615,615,1.0,4103755,fractals-1,/mnt/nas1/fvs_benchmark_datasets/deep-2M-gt-1000.npy,2000000,2M,hnsw
616,616,0.95,2827377,fractals-1,/mnt/nas1/fvs_benchmark_datasets/deep-2M-gt-1000.npy,2000000,2M,hnsw
617,617,1.0,3102471,fractals-1,/mnt/nas1/fvs_benchmark_datasets/deep-2M-gt-1000.npy,2000000,2M,hnsw
618,618,1.0,1877318,fractals-1,/mnt/nas1/fvs_benchmark_datasets/deep-2M-gt-1000.npy,2000000,2M,hnsw
619,619,1.0,2689082,fractals-1,/mnt/nas1/fvs_benchmark_datasets/deep-2M-gt-1000.npy,2000000,2M,hnsw
620,620,1.0,3210997,fractals-1,/mnt/nas1/fvs_benchmark_datasets/deep-2M-gt-1000.npy,2000000,2M,hnsw
621,621,1.0,1495253,fractals-1,/mnt/nas1/fvs_benchmark_datasets/deep-2M-gt-1000.npy,2000000,2M,hnsw
622,622,1.0,3034291,fractals-1,/mnt/nas1/fvs_benchmark_datasets/deep-2M-gt-1000.npy,2000000,2M,hnsw
623,623,0.9,1461683,fractals-1,/mnt/nas1/fvs_benchmark_datasets/deep-2M-gt-1000.npy,2000000,2M,hnsw
624,624,1.0,2531260,fractals-1,/mnt/nas1/fvs_benchmark_datasets/deep-2M-gt-1000.npy,2000000,2M,hnsw
625,625,1.0,2821167,fractals-1,/mnt/nas1/fvs_benchmark_datasets/deep-2M-gt-1000.npy,2000000,2M,hnsw
626,626,1.0,2900490,fractals-1,/mnt/nas1/fvs_benchmark_datasets/deep-2M-gt-1000.npy,2000000,2M,hnsw
627,627,1.0,2835184,fractals-1,/mnt/nas1/fvs_benchmark_datasets/deep-2M-gt-1000.npy,2000000,2M,hnsw
628,628,1.0,3467382,fractals-1,/mnt/nas1/fvs_benchmark_datasets/deep-2M-gt-1000.npy,2000000,2M,hnsw
629,629,0.95,3654167,fractals-1,/mnt/nas1/fvs_benchmark_datasets/deep-2M-gt-1000.npy,2000000,2M,hnsw
630,630,1.0,3218532,fractals-1,/mnt/nas1/fvs_benchmark_datasets/deep-2M-gt-1000.npy,2000000,2M,hnsw
631,631,1.0,3285499,fractals-1,/mnt/nas1/fvs_benchmark_datasets/deep-2M-gt-1000.npy,2000000,2M,hnsw
632,632,1.0,3500576,fractals-1,/mnt/nas1/fvs_benchmark_datasets/deep-2M-gt-1000.npy,2000000,2M,hnsw
633,633,1.0,2372214,fractals-1,/mnt/nas1/fvs_benchmark_datasets/deep-2M-gt-1000.npy,2000000,2M,hnsw
634,634,1.0,3172775,fractals-1,/mnt/nas1/fvs_benchmark_datasets/deep-2M-gt-1000.npy,2000000,2M,hnsw
635,635,1.0,4908066,fractals-1,/mnt/nas1/fvs_benchmark_datasets/deep-2M-gt-1000.npy,2000000,2M,hnsw
636,636,1.0,3262226,fractals-1,/mnt/nas1/fvs_benchmark_datasets/deep-2M-gt-1000.npy,2000000,2M,hnsw
637,637,1.0,2221192,fractals-1,/mnt/nas1/fvs_benchmark_datasets/deep-2M-gt-1000.npy,2000000,2M,hnsw
638,638,1.0,2948903,fractals-1,/mnt/nas1/fvs_benchmark_datasets/deep-2M-gt-1000.npy,2000000,2M,hnsw
639,639,1.0,3518936,fractals-1,/mnt/nas1/fvs_benchmark_datasets/deep-2M-gt-1000.npy,2000000,2M,hnsw
640,640,1.0,2086695,fractals-1,/mnt/nas1/fvs_benchmark_datasets/deep-2M-gt-1000.npy,2000000,2M,hnsw
641,641,1.0,3003747,fractals-1,/mnt/nas1/fvs_benchmark_datasets/deep-2M-gt-1000.npy,2000000,2M,hnsw
642,642,1.0,1787256,fractals-1,/mnt/nas1/fvs_benchmark_datasets/deep-2M-gt-1000.npy,2000000,2M,hnsw
643,643,1.0,2536406,fractals-1,/mnt/nas1/fvs_benchmark_datasets/deep-2M-gt-1000.npy,2000000,2M,hnsw
644,644,1.0,3050608,fractals-1,/mnt/nas1/fvs_benchmark_datasets/deep-2M-gt-1000.npy,2000000,2M,hnsw
645,645,1.0,2241732,fractals-1,/mnt/nas1/fvs_benchmark_datasets/deep-2M-gt-1000.npy,2000000,2M,hnsw
646,646,0.95,3596548,fractals-1,/mnt/nas1/fvs_benchmark_datasets/deep-2M-gt-1000.npy,2000000,2M,hnsw
647,647,1.0,1995730,fractals-1,/mnt/nas1/fvs_benchmark_datasets/deep-2M-gt-1000.npy,2000000,2M,hnsw
648,648,1.0,3203489,fractals-1,/mnt/nas1/fvs_benchmark_datasets/deep-2M-gt-1000.npy,2000000,2M,hnsw
649,649,1.0,2763268,fractals-1,/mnt/nas1/fvs_benchmark_datasets/deep-2M-gt-1000.npy,2000000,2M,hnsw
650,650,1.0,2636120,fractals-1,/mnt/nas1/fvs_benchmark_datasets/deep-2M-gt-1000.npy,2000000,2M,hnsw
651,651,1.0,2387491,fractals-1,/mnt/nas1/fvs_benchmark_datasets/deep-2M-gt-1000.npy,2000000,2M,hnsw
652,652,1.0,1873282,fractals-1,/mnt/nas1/fvs_benchmark_datasets/deep-2M-gt-1000.npy,2000000,2M,hnsw
653,653,1.0,1138945,fractals-1,/mnt/nas1/fvs_benchmark_datasets/deep-2M-gt-1000.npy,2000000,2M,hnsw
654,654,1.0,1786910,fractals-1,/mnt/nas1/fvs_benchmark_datasets/deep-2M-gt-1000.npy,2000000,2M,hnsw
655,655,1.0,2005645,fractals-1,/mnt/nas1/fvs_benchmark_datasets/deep-2M-gt-1000.npy,2000000,2M,hnsw
656,656,1.0,2673118,fractals-1,/mnt/nas1/fvs_benchmark_datasets/deep-2M-gt-1000.npy,2000000,2M,hnsw
657,657,1.0,2262399,fractals-1,/mnt/nas1/fvs_benchmark_datasets/deep-2M-gt-1000.npy,2000000,2M,hnsw
658,658,0.7,1543709,fractals-1,/mnt/nas1/fvs_benchmark_datasets/deep-2M-gt-1000.npy,2000000,2M,hnsw
659,659,1.0,1979923,fractals-1,/mnt/nas1/fvs_benchmark_datasets/deep-2M-gt-1000.npy,2000000,2M,hnsw
660,660,1.0,1822547,fractals-1,/mnt/nas1/fvs_benchmark_datasets/deep-2M-gt-1000.npy,2000000,2M,hnsw
661,661,1.0,2606470,fractals-1,/mnt/nas1/fvs_benchmark_datasets/deep-2M-gt-1000.npy,2000000,2M,hnsw
662,662,1.0,3567235,fractals-1,/mnt/nas1/fvs_benchmark_datasets/deep-2M-gt-1000.npy,2000000,2M,hnsw
663,663,1.0,1618805,fractals-1,/mnt/nas1/fvs_benchmark_datasets/deep-2M-gt-1000.npy,2000000,2M,hnsw
664,664,1.0,2622718,fractals-1,/mnt/nas1/fvs_benchmark_datasets/deep-2M-gt-1000.npy,2000000,2M,hnsw
665,665,0.95,2337208,fractals-1,/mnt/nas1/fvs_benchmark_datasets/deep-2M-gt-1000.npy,2000000,2M,hnsw
666,666,1.0,3866323,fractals-1,/mnt/nas1/fvs_benchmark_datasets/deep-2M-gt-1000.npy,2000000,2M,hnsw
667,667,1.0,4528513,fractals-1,/mnt/nas1/fvs_benchmark_datasets/deep-2M-gt-1000.npy,2000000,2M,hnsw
668,668,1.0,1673880,fractals-1,/mnt/nas1/fvs_benchmark_datasets/deep-2M-gt-1000.npy,2000000,2M,hnsw
669,669,1.0,2225468,fractals-1,/mnt/nas1/fvs_benchmark_datasets/deep-2M-gt-1000.npy,2000000,2M,hnsw
670,670,1.0,2668627,fractals-1,/mnt/nas1/fvs_benchmark_datasets/deep-2M-gt-1000.npy,2000000,2M,hnsw
671,671,1.0,2143183,fractals-1,/mnt/nas1/fvs_benchmark_datasets/deep-2M-gt-1000.npy,2000000,2M,hnsw
672,672,0.9,3512709,fractals-1,/mnt/nas1/fvs_benchmark_datasets/deep-2M-gt-1000.npy,2000000,2M,hnsw
673,673,1.0,3311631,fractals-1,/mnt/nas1/fvs_benchmark_datasets/deep-2M-gt-1000.npy,2000000,2M,hnsw
674,674,1.0,3073068,fractals-1,/mnt/nas1/fvs_benchmark_datasets/deep-2M-gt-1000.npy,2000000,2M,hnsw
675,675,0.95,3140806,fractals-1,/mnt/nas1/fvs_benchmark_datasets/deep-2M-gt-1000.npy,2000000,2M,hnsw
676,676,1.0,2331333,fractals-1,/mnt/nas1/fvs_benchmark_datasets/deep-2M-gt-1000.npy,2000000,2M,hnsw
677,677,0.95,2346916,fractals-1,/mnt/nas1/fvs_benchmark_datasets/deep-2M-gt-1000.npy,2000000,2M,hnsw
678,678,1.0,2611428,fractals-1,/mnt/nas1/fvs_benchmark_datasets/deep-2M-gt-1000.npy,2000000,2M,hnsw
679,679,1.0,2239983,fractals-1,/mnt/nas1/fvs_benchmark_datasets/deep-2M-gt-1000.npy,2000000,2M,hnsw
680,680,1.0,2549218,fractals-1,/mnt/nas1/fvs_benchmark_datasets/deep-2M-gt-1000.npy,2000000,2M,hnsw
681,681,1.0,1581958,fractals-1,/mnt/nas1/fvs_benchmark_datasets/deep-2M-gt-1000.npy,2000000,2M,hnsw
682,682,1.0,1903754,fractals-1,/mnt/nas1/fvs_benchmark_datasets/deep-2M-gt-1000.npy,2000000,2M,hnsw
683,683,0.95,2297008,fractals-1,/mnt/nas1/fvs_benchmark_datasets/deep-2M-gt-1000.npy,2000000,2M,hnsw
684,684,0.95,2113462,fractals-1,/mnt/nas1/fvs_benchmark_datasets/deep-2M-gt-1000.npy,2000000,2M,hnsw
685,685,1.0,3399104,fractals-1,/mnt/nas1/fvs_benchmark_datasets/deep-2M-gt-1000.npy,2000000,2M,hnsw
686,686,1.0,2683028,fractals-1,/mnt/nas1/fvs_benchmark_datasets/deep-2M-gt-1000.npy,2000000,2M,hnsw
687,687,1.0,1945664,fractals-1,/mnt/nas1/fvs_benchmark_datasets/deep-2M-gt-1000.npy,2000000,2M,hnsw
688,688,1.0,2676056,fractals-1,/mnt/nas1/fvs_benchmark_datasets/deep-2M-gt-1000.npy,2000000,2M,hnsw
689,689,1.0,1800271,fractals-1,/mnt/nas1/fvs_benchmark_datasets/deep-2M-gt-1000.npy,2000000,2M,hnsw
690,690,0.85,2841390,fractals-1,/mnt/nas1/fvs_benchmark_datasets/deep-2M-gt-1000.npy,2000000,2M,hnsw
691,691,1.0,2445991,fractals-1,/mnt/nas1/fvs_benchmark_datasets/deep-2M-gt-1000.npy,2000000,2M,hnsw
692,692,1.0,1976809,fractals-1,/mnt/nas1/fvs_benchmark_datasets/deep-2M-gt-1000.npy,2000000,2M,hnsw
693,693,1.0,2519277,fractals-1,/mnt/nas1/fvs_benchmark_datasets/deep-2M-gt-1000.npy,2000000,2M,hnsw
694,694,1.0,2787041,fractals-1,/mnt/nas1/fvs_benchmark_datasets/deep-2M-gt-1000.npy,2000000,2M,hnsw
695,695,1.0,1967875,fractals-1,/mnt/nas1/fvs_benchmark_datasets/deep-2M-gt-1000.npy,2000000,2M,hnsw
696,696,0.95,3006957,fractals-1,/mnt/nas1/fvs_benchmark_datasets/deep-2M-gt-1000.npy,2000000,2M,hnsw
697,697,1.0,839345,fractals-1,/mnt/nas1/fvs_benchmark_datasets/deep-2M-gt-1000.npy,2000000,2M,hnsw
698,698,1.0,2773621,fractals-1,/mnt/nas1/fvs_benchmark_datasets/deep-2M-gt-1000.npy,2000000,2M,hnsw
699,699,0.95,3518788,fractals-1,/mnt/nas1/fvs_benchmark_datasets/deep-2M-gt-1000.npy,2000000,2M,hnsw
700,700,1.0,1961905,fractals-1,/mnt/nas1/fvs_benchmark_datasets/deep-2M-gt-1000.npy,2000000,2M,hnsw
701,701,1.0,2651639,fractals-1,/mnt/nas1/fvs_benchmark_datasets/deep-2M-gt-1000.npy,2000000,2M,hnsw
702,702,1.0,2302786,fractals-1,/mnt/nas1/fvs_benchmark_datasets/deep-2M-gt-1000.npy,2000000,2M,hnsw
703,703,1.0,3483756,fractals-1,/mnt/nas1/fvs_benchmark_datasets/deep-2M-gt-1000.npy,2000000,2M,hnsw
704,704,1.0,3245489,fractals-1,/mnt/nas1/fvs_benchmark_datasets/deep-2M-gt-1000.npy,2000000,2M,hnsw
705,705,1.0,2308091,fractals-1,/mnt/nas1/fvs_benchmark_datasets/deep-2M-gt-1000.npy,2000000,2M,hnsw
706,706,1.0,1386390,fractals-1,/mnt/nas1/fvs_benchmark_datasets/deep-2M-gt-1000.npy,2000000,2M,hnsw
707,707,0.7,3180974,fractals-1,/mnt/nas1/fvs_benchmark_datasets/deep-2M-gt-1000.npy,2000000,2M,hnsw
708,708,1.0,4019211,fractals-1,/mnt/nas1/fvs_benchmark_datasets/deep-2M-gt-1000.npy,2000000,2M,hnsw
709,709,1.0,2373375,fractals-1,/mnt/nas1/fvs_benchmark_datasets/deep-2M-gt-1000.npy,2000000,2M,hnsw
710,710,1.0,2406127,fractals-1,/mnt/nas1/fvs_benchmark_datasets/deep-2M-gt-1000.npy,2000000,2M,hnsw
711,711,0.95,2639562,fractals-1,/mnt/nas1/fvs_benchmark_datasets/deep-2M-gt-1000.npy,2000000,2M,hnsw
712,712,1.0,2591248,fractals-1,/mnt/nas1/fvs_benchmark_datasets/deep-2M-gt-1000.npy,2000000,2M,hnsw
713,713,1.0,2123426,fractals-1,/mnt/nas1/fvs_benchmark_datasets/deep-2M-gt-1000.npy,2000000,2M,hnsw
714,714,1.0,2246583,fractals-1,/mnt/nas1/fvs_benchmark_datasets/deep-2M-gt-1000.npy,2000000,2M,hnsw
715,715,1.0,1696775,fractals-1,/mnt/nas1/fvs_benchmark_datasets/deep-2M-gt-1000.npy,2000000,2M,hnsw
716,716,1.0,2255566,fractals-1,/mnt/nas1/fvs_benchmark_datasets/deep-2M-gt-1000.npy,2000000,2M,hnsw
717,717,1.0,1751157,fractals-1,/mnt/nas1/fvs_benchmark_datasets/deep-2M-gt-1000.npy,2000000,2M,hnsw
718,718,1.0,2207273,fractals-1,/mnt/nas1/fvs_benchmark_datasets/deep-2M-gt-1000.npy,2000000,2M,hnsw
719,719,1.0,3468481,fractals-1,/mnt/nas1/fvs_benchmark_datasets/deep-2M-gt-1000.npy,2000000,2M,hnsw
720,720,1.0,2140558,fractals-1,/mnt/nas1/fvs_benchmark_datasets/deep-2M-gt-1000.npy,2000000,2M,hnsw
721,721,1.0,2650851,fractals-1,/mnt/nas1/fvs_benchmark_datasets/deep-2M-gt-1000.npy,2000000,2M,hnsw
722,722,1.0,1333235,fractals-1,/mnt/nas1/fvs_benchmark_datasets/deep-2M-gt-1000.npy,2000000,2M,hnsw
723,723,0.95,4055081,fractals-1,/mnt/nas1/fvs_benchmark_datasets/deep-2M-gt-1000.npy,2000000,2M,hnsw
724,724,0.95,2578317,fractals-1,/mnt/nas1/fvs_benchmark_datasets/deep-2M-gt-1000.npy,2000000,2M,hnsw
725,725,1.0,1910023,fractals-1,/mnt/nas1/fvs_benchmark_datasets/deep-2M-gt-1000.npy,2000000,2M,hnsw
726,726,0.95,2713025,fractals-1,/mnt/nas1/fvs_benchmark_datasets/deep-2M-gt-1000.npy,2000000,2M,hnsw
727,727,0.95,3796659,fractals-1,/mnt/nas1/fvs_benchmark_datasets/deep-2M-gt-1000.npy,2000000,2M,hnsw
728,728,1.0,1808847,fractals-1,/mnt/nas1/fvs_benchmark_datasets/deep-2M-gt-1000.npy,2000000,2M,hnsw
729,729,1.0,2842387,fractals-1,/mnt/nas1/fvs_benchmark_datasets/deep-2M-gt-1000.npy,2000000,2M,hnsw
730,730,1.0,2060377,fractals-1,/mnt/nas1/fvs_benchmark_datasets/deep-2M-gt-1000.npy,2000000,2M,hnsw
731,731,1.0,3525014,fractals-1,/mnt/nas1/fvs_benchmark_datasets/deep-2M-gt-1000.npy,2000000,2M,hnsw
732,732,1.0,2148886,fractals-1,/mnt/nas1/fvs_benchmark_datasets/deep-2M-gt-1000.npy,2000000,2M,hnsw
733,733,1.0,3002556,fractals-1,/mnt/nas1/fvs_benchmark_datasets/deep-2M-gt-1000.npy,2000000,2M,hnsw
734,734,1.0,3353249,fractals-1,/mnt/nas1/fvs_benchmark_datasets/deep-2M-gt-1000.npy,2000000,2M,hnsw
735,735,1.0,1382198,fractals-1,/mnt/nas1/fvs_benchmark_datasets/deep-2M-gt-1000.npy,2000000,2M,hnsw
736,736,0.75,3558101,fractals-1,/mnt/nas1/fvs_benchmark_datasets/deep-2M-gt-1000.npy,2000000,2M,hnsw
737,737,0.9,2207463,fractals-1,/mnt/nas1/fvs_benchmark_datasets/deep-2M-gt-1000.npy,2000000,2M,hnsw
738,738,1.0,2096479,fractals-1,/mnt/nas1/fvs_benchmark_datasets/deep-2M-gt-1000.npy,2000000,2M,hnsw
739,739,1.0,2538158,fractals-1,/mnt/nas1/fvs_benchmark_datasets/deep-2M-gt-1000.npy,2000000,2M,hnsw
740,740,0.95,1896480,fractals-1,/mnt/nas1/fvs_benchmark_datasets/deep-2M-gt-1000.npy,2000000,2M,hnsw
741,741,1.0,2254711,fractals-1,/mnt/nas1/fvs_benchmark_datasets/deep-2M-gt-1000.npy,2000000,2M,hnsw
742,742,1.0,2918257,fractals-1,/mnt/nas1/fvs_benchmark_datasets/deep-2M-gt-1000.npy,2000000,2M,hnsw
743,743,1.0,2891146,fractals-1,/mnt/nas1/fvs_benchmark_datasets/deep-2M-gt-1000.npy,2000000,2M,hnsw
744,744,1.0,2811655,fractals-1,/mnt/nas1/fvs_benchmark_datasets/deep-2M-gt-1000.npy,2000000,2M,hnsw
745,745,1.0,2129024,fractals-1,/mnt/nas1/fvs_benchmark_datasets/deep-2M-gt-1000.npy,2000000,2M,hnsw
746,746,1.0,1940154,fractals-1,/mnt/nas1/fvs_benchmark_datasets/deep-2M-gt-1000.npy,2000000,2M,hnsw
747,747,1.0,2664316,fractals-1,/mnt/nas1/fvs_benchmark_datasets/deep-2M-gt-1000.npy,2000000,2M,hnsw
748,748,0.95,1841905,fractals-1,/mnt/nas1/fvs_benchmark_datasets/deep-2M-gt-1000.npy,2000000,2M,hnsw
749,749,1.0,3107942,fractals-1,/mnt/nas1/fvs_benchmark_datasets/deep-2M-gt-1000.npy,2000000,2M,hnsw
750,750,1.0,1571818,fractals-1,/mnt/nas1/fvs_benchmark_datasets/deep-2M-gt-1000.npy,2000000,2M,hnsw
751,751,1.0,3126028,fractals-1,/mnt/nas1/fvs_benchmark_datasets/deep-2M-gt-1000.npy,2000000,2M,hnsw
752,752,1.0,1845232,fractals-1,/mnt/nas1/fvs_benchmark_datasets/deep-2M-gt-1000.npy,2000000,2M,hnsw
753,753,1.0,2367438,fractals-1,/mnt/nas1/fvs_benchmark_datasets/deep-2M-gt-1000.npy,2000000,2M,hnsw
754,754,1.0,1964867,fractals-1,/mnt/nas1/fvs_benchmark_datasets/deep-2M-gt-1000.npy,2000000,2M,hnsw
755,755,1.0,2835603,fractals-1,/mnt/nas1/fvs_benchmark_datasets/deep-2M-gt-1000.npy,2000000,2M,hnsw
756,756,1.0,2058797,fractals-1,/mnt/nas1/fvs_benchmark_datasets/deep-2M-gt-1000.npy,2000000,2M,hnsw
757,757,1.0,2385664,fractals-1,/mnt/nas1/fvs_benchmark_datasets/deep-2M-gt-1000.npy,2000000,2M,hnsw
758,758,1.0,2392014,fractals-1,/mnt/nas1/fvs_benchmark_datasets/deep-2M-gt-1000.npy,2000000,2M,hnsw
759,759,1.0,3443016,fractals-1,/mnt/nas1/fvs_benchmark_datasets/deep-2M-gt-1000.npy,2000000,2M,hnsw
760,760,1.0,2377470,fractals-1,/mnt/nas1/fvs_benchmark_datasets/deep-2M-gt-1000.npy,2000000,2M,hnsw
761,761,1.0,2137509,fractals-1,/mnt/nas1/fvs_benchmark_datasets/deep-2M-gt-1000.npy,2000000,2M,hnsw
762,762,1.0,1906091,fractals-1,/mnt/nas1/fvs_benchmark_datasets/deep-2M-gt-1000.npy,2000000,2M,hnsw
763,763,1.0,2464087,fractals-1,/mnt/nas1/fvs_benchmark_datasets/deep-2M-gt-1000.npy,2000000,2M,hnsw
764,764,1.0,3268790,fractals-1,/mnt/nas1/fvs_benchmark_datasets/deep-2M-gt-1000.npy,2000000,2M,hnsw
765,765,1.0,1995712,fractals-1,/mnt/nas1/fvs_benchmark_datasets/deep-2M-gt-1000.npy,2000000,2M,hnsw
766,766,1.0,1534277,fractals-1,/mnt/nas1/fvs_benchmark_datasets/deep-2M-gt-1000.npy,2000000,2M,hnsw
767,767,1.0,2595974,fractals-1,/mnt/nas1/fvs_benchmark_datasets/deep-2M-gt-1000.npy,2000000,2M,hnsw
768,768,0.95,2468576,fractals-1,/mnt/nas1/fvs_benchmark_datasets/deep-2M-gt-1000.npy,2000000,2M,hnsw
769,769,1.0,2314846,fractals-1,/mnt/nas1/fvs_benchmark_datasets/deep-2M-gt-1000.npy,2000000,2M,hnsw
770,770,1.0,2475637,fractals-1,/mnt/nas1/fvs_benchmark_datasets/deep-2M-gt-1000.npy,2000000,2M,hnsw
771,771,1.0,1310977,fractals-1,/mnt/nas1/fvs_benchmark_datasets/deep-2M-gt-1000.npy,2000000,2M,hnsw
772,772,1.0,2521361,fractals-1,/mnt/nas1/fvs_benchmark_datasets/deep-2M-gt-1000.npy,2000000,2M,hnsw
773,773,1.0,2616036,fractals-1,/mnt/nas1/fvs_benchmark_datasets/deep-2M-gt-1000.npy,2000000,2M,hnsw
774,774,1.0,1441848,fractals-1,/mnt/nas1/fvs_benchmark_datasets/deep-2M-gt-1000.npy,2000000,2M,hnsw
775,775,1.0,1543284,fractals-1,/mnt/nas1/fvs_benchmark_datasets/deep-2M-gt-1000.npy,2000000,2M,hnsw
776,776,1.0,3912593,fractals-1,/mnt/nas1/fvs_benchmark_datasets/deep-2M-gt-1000.npy,2000000,2M,hnsw
777,777,0.9,2622423,fractals-1,/mnt/nas1/fvs_benchmark_datasets/deep-2M-gt-1000.npy,2000000,2M,hnsw
778,778,1.0,2153605,fractals-1,/mnt/nas1/fvs_benchmark_datasets/deep-2M-gt-1000.npy,2000000,2M,hnsw
779,779,1.0,2853040,fractals-1,/mnt/nas1/fvs_benchmark_datasets/deep-2M-gt-1000.npy,2000000,2M,hnsw
780,780,1.0,1124367,fractals-1,/mnt/nas1/fvs_benchmark_datasets/deep-2M-gt-1000.npy,2000000,2M,hnsw
781,781,1.0,2074061,fractals-1,/mnt/nas1/fvs_benchmark_datasets/deep-2M-gt-1000.npy,2000000,2M,hnsw
782,782,1.0,1113840,fractals-1,/mnt/nas1/fvs_benchmark_datasets/deep-2M-gt-1000.npy,2000000,2M,hnsw
783,783,0.95,4259659,fractals-1,/mnt/nas1/fvs_benchmark_datasets/deep-2M-gt-1000.npy,2000000,2M,hnsw
784,784,1.0,2500260,fractals-1,/mnt/nas1/fvs_benchmark_datasets/deep-2M-gt-1000.npy,2000000,2M,hnsw
785,785,1.0,2112942,fractals-1,/mnt/nas1/fvs_benchmark_datasets/deep-2M-gt-1000.npy,2000000,2M,hnsw
786,786,1.0,3889667,fractals-1,/mnt/nas1/fvs_benchmark_datasets/deep-2M-gt-1000.npy,2000000,2M,hnsw
787,787,0.95,1916292,fractals-1,/mnt/nas1/fvs_benchmark_datasets/deep-2M-gt-1000.npy,2000000,2M,hnsw
788,788,1.0,2063090,fractals-1,/mnt/nas1/fvs_benchmark_datasets/deep-2M-gt-1000.npy,2000000,2M,hnsw
789,789,1.0,2580626,fractals-1,/mnt/nas1/fvs_benchmark_datasets/deep-2M-gt-1000.npy,2000000,2M,hnsw
790,790,1.0,2775314,fractals-1,/mnt/nas1/fvs_benchmark_datasets/deep-2M-gt-1000.npy,2000000,2M,hnsw
791,791,1.0,1919316,fractals-1,/mnt/nas1/fvs_benchmark_datasets/deep-2M-gt-1000.npy,2000000,2M,hnsw
792,792,1.0,2271725,fractals-1,/mnt/nas1/fvs_benchmark_datasets/deep-2M-gt-1000.npy,2000000,2M,hnsw
793,793,1.0,2325946,fractals-1,/mnt/nas1/fvs_benchmark_datasets/deep-2M-gt-1000.npy,2000000,2M,hnsw
794,794,1.0,2330872,fractals-1,/mnt/nas1/fvs_benchmark_datasets/deep-2M-gt-1000.npy,2000000,2M,hnsw
795,795,0.95,3420146,fractals-1,/mnt/nas1/fvs_benchmark_datasets/deep-2M-gt-1000.npy,2000000,2M,hnsw
796,796,1.0,1756357,fractals-1,/mnt/nas1/fvs_benchmark_datasets/deep-2M-gt-1000.npy,2000000,2M,hnsw
797,797,1.0,2094280,fractals-1,/mnt/nas1/fvs_benchmark_datasets/deep-2M-gt-1000.npy,2000000,2M,hnsw
798,798,1.0,1896658,fractals-1,/mnt/nas1/fvs_benchmark_datasets/deep-2M-gt-1000.npy,2000000,2M,hnsw
799,799,1.0,3064965,fractals-1,/mnt/nas1/fvs_benchmark_datasets/deep-2M-gt-1000.npy,2000000,2M,hnsw
800,800,1.0,1593336,fractals-1,/mnt/nas1/fvs_benchmark_datasets/deep-2M-gt-1000.npy,2000000,2M,hnsw
801,801,1.0,6964598,fractals-1,/mnt/nas1/fvs_benchmark_datasets/deep-2M-gt-1000.npy,2000000,2M,hnsw
802,802,1.0,2611589,fractals-1,/mnt/nas1/fvs_benchmark_datasets/deep-2M-gt-1000.npy,2000000,2M,hnsw
803,803,1.0,1250161,fractals-1,/mnt/nas1/fvs_benchmark_datasets/deep-2M-gt-1000.npy,2000000,2M,hnsw
804,804,1.0,2541695,fractals-1,/mnt/nas1/fvs_benchmark_datasets/deep-2M-gt-1000.npy,2000000,2M,hnsw
805,805,0.85,2499875,fractals-1,/mnt/nas1/fvs_benchmark_datasets/deep-2M-gt-1000.npy,2000000,2M,hnsw
806,806,1.0,2801905,fractals-1,/mnt/nas1/fvs_benchmark_datasets/deep-2M-gt-1000.npy,2000000,2M,hnsw
807,807,1.0,2112134,fractals-1,/mnt/nas1/fvs_benchmark_datasets/deep-2M-gt-1000.npy,2000000,2M,hnsw
808,808,1.0,1296892,fractals-1,/mnt/nas1/fvs_benchmark_datasets/deep-2M-gt-1000.npy,2000000,2M,hnsw
809,809,1.0,2428499,fractals-1,/mnt/nas1/fvs_benchmark_datasets/deep-2M-gt-1000.npy,2000000,2M,hnsw
810,810,1.0,1337783,fractals-1,/mnt/nas1/fvs_benchmark_datasets/deep-2M-gt-1000.npy,2000000,2M,hnsw
811,811,1.0,2022489,fractals-1,/mnt/nas1/fvs_benchmark_datasets/deep-2M-gt-1000.npy,2000000,2M,hnsw
812,812,1.0,1863933,fractals-1,/mnt/nas1/fvs_benchmark_datasets/deep-2M-gt-1000.npy,2000000,2M,hnsw
813,813,1.0,1252955,fractals-1,/mnt/nas1/fvs_benchmark_datasets/deep-2M-gt-1000.npy,2000000,2M,hnsw
814,814,1.0,1841511,fractals-1,/mnt/nas1/fvs_benchmark_datasets/deep-2M-gt-1000.npy,2000000,2M,hnsw
815,815,1.0,3163811,fractals-1,/mnt/nas1/fvs_benchmark_datasets/deep-2M-gt-1000.npy,2000000,2M,hnsw
816,816,1.0,2587631,fractals-1,/mnt/nas1/fvs_benchmark_datasets/deep-2M-gt-1000.npy,2000000,2M,hnsw
817,817,1.0,2532741,fractals-1,/mnt/nas1/fvs_benchmark_datasets/deep-2M-gt-1000.npy,2000000,2M,hnsw
818,818,1.0,2784101,fractals-1,/mnt/nas1/fvs_benchmark_datasets/deep-2M-gt-1000.npy,2000000,2M,hnsw
819,819,1.0,3130685,fractals-1,/mnt/nas1/fvs_benchmark_datasets/deep-2M-gt-1000.npy,2000000,2M,hnsw
820,820,1.0,2856698,fractals-1,/mnt/nas1/fvs_benchmark_datasets/deep-2M-gt-1000.npy,2000000,2M,hnsw
821,821,1.0,2588656,fractals-1,/mnt/nas1/fvs_benchmark_datasets/deep-2M-gt-1000.npy,2000000,2M,hnsw
822,822,1.0,3187443,fractals-1,/mnt/nas1/fvs_benchmark_datasets/deep-2M-gt-1000.npy,2000000,2M,hnsw
823,823,1.0,2601297,fractals-1,/mnt/nas1/fvs_benchmark_datasets/deep-2M-gt-1000.npy,2000000,2M,hnsw
824,824,1.0,2792234,fractals-1,/mnt/nas1/fvs_benchmark_datasets/deep-2M-gt-1000.npy,2000000,2M,hnsw
825,825,1.0,1556999,fractals-1,/mnt/nas1/fvs_benchmark_datasets/deep-2M-gt-1000.npy,2000000,2M,hnsw
826,826,1.0,2543143,fractals-1,/mnt/nas1/fvs_benchmark_datasets/deep-2M-gt-1000.npy,2000000,2M,hnsw
827,827,1.0,1194392,fractals-1,/mnt/nas1/fvs_benchmark_datasets/deep-2M-gt-1000.npy,2000000,2M,hnsw
828,828,1.0,3153768,fractals-1,/mnt/nas1/fvs_benchmark_datasets/deep-2M-gt-1000.npy,2000000,2M,hnsw
829,829,1.0,2139048,fractals-1,/mnt/nas1/fvs_benchmark_datasets/deep-2M-gt-1000.npy,2000000,2M,hnsw
830,830,1.0,2186789,fractals-1,/mnt/nas1/fvs_benchmark_datasets/deep-2M-gt-1000.npy,2000000,2M,hnsw
831,831,1.0,1974873,fractals-1,/mnt/nas1/fvs_benchmark_datasets/deep-2M-gt-1000.npy,2000000,2M,hnsw
832,832,1.0,2365080,fractals-1,/mnt/nas1/fvs_benchmark_datasets/deep-2M-gt-1000.npy,2000000,2M,hnsw
833,833,1.0,3106575,fractals-1,/mnt/nas1/fvs_benchmark_datasets/deep-2M-gt-1000.npy,2000000,2M,hnsw
834,834,1.0,2445608,fractals-1,/mnt/nas1/fvs_benchmark_datasets/deep-2M-gt-1000.npy,2000000,2M,hnsw
835,835,0.9,2240747,fractals-1,/mnt/nas1/fvs_benchmark_datasets/deep-2M-gt-1000.npy,2000000,2M,hnsw
836,836,1.0,1423612,fractals-1,/mnt/nas1/fvs_benchmark_datasets/deep-2M-gt-1000.npy,2000000,2M,hnsw
837,837,1.0,2810176,fractals-1,/mnt/nas1/fvs_benchmark_datasets/deep-2M-gt-1000.npy,2000000,2M,hnsw
838,838,1.0,2496799,fractals-1,/mnt/nas1/fvs_benchmark_datasets/deep-2M-gt-1000.npy,2000000,2M,hnsw
839,839,1.0,2382384,fractals-1,/mnt/nas1/fvs_benchmark_datasets/deep-2M-gt-1000.npy,2000000,2M,hnsw
840,840,1.0,2473202,fractals-1,/mnt/nas1/fvs_benchmark_datasets/deep-2M-gt-1000.npy,2000000,2M,hnsw
841,841,1.0,2292303,fractals-1,/mnt/nas1/fvs_benchmark_datasets/deep-2M-gt-1000.npy,2000000,2M,hnsw
842,842,0.95,2981646,fractals-1,/mnt/nas1/fvs_benchmark_datasets/deep-2M-gt-1000.npy,2000000,2M,hnsw
843,843,1.0,1246071,fractals-1,/mnt/nas1/fvs_benchmark_datasets/deep-2M-gt-1000.npy,2000000,2M,hnsw
844,844,1.0,2629141,fractals-1,/mnt/nas1/fvs_benchmark_datasets/deep-2M-gt-1000.npy,2000000,2M,hnsw
845,845,1.0,2982531,fractals-1,/mnt/nas1/fvs_benchmark_datasets/deep-2M-gt-1000.npy,2000000,2M,hnsw
846,846,1.0,2876434,fractals-1,/mnt/nas1/fvs_benchmark_datasets/deep-2M-gt-1000.npy,2000000,2M,hnsw
847,847,1.0,2269261,fractals-1,/mnt/nas1/fvs_benchmark_datasets/deep-2M-gt-1000.npy,2000000,2M,hnsw
848,848,1.0,2036453,fractals-1,/mnt/nas1/fvs_benchmark_datasets/deep-2M-gt-1000.npy,2000000,2M,hnsw
849,849,1.0,3037899,fractals-1,/mnt/nas1/fvs_benchmark_datasets/deep-2M-gt-1000.npy,2000000,2M,hnsw
850,850,1.0,2159613,fractals-1,/mnt/nas1/fvs_benchmark_datasets/deep-2M-gt-1000.npy,2000000,2M,hnsw
851,851,0.85,2932391,fractals-1,/mnt/nas1/fvs_benchmark_datasets/deep-2M-gt-1000.npy,2000000,2M,hnsw
852,852,1.0,2858760,fractals-1,/mnt/nas1/fvs_benchmark_datasets/deep-2M-gt-1000.npy,2000000,2M,hnsw
853,853,1.0,2492242,fractals-1,/mnt/nas1/fvs_benchmark_datasets/deep-2M-gt-1000.npy,2000000,2M,hnsw
854,854,1.0,1768962,fractals-1,/mnt/nas1/fvs_benchmark_datasets/deep-2M-gt-1000.npy,2000000,2M,hnsw
855,855,1.0,3476399,fractals-1,/mnt/nas1/fvs_benchmark_datasets/deep-2M-gt-1000.npy,2000000,2M,hnsw
856,856,1.0,2608652,fractals-1,/mnt/nas1/fvs_benchmark_datasets/deep-2M-gt-1000.npy,2000000,2M,hnsw
857,857,1.0,1970557,fractals-1,/mnt/nas1/fvs_benchmark_datasets/deep-2M-gt-1000.npy,2000000,2M,hnsw
858,858,1.0,1900091,fractals-1,/mnt/nas1/fvs_benchmark_datasets/deep-2M-gt-1000.npy,2000000,2M,hnsw
859,859,1.0,2272822,fractals-1,/mnt/nas1/fvs_benchmark_datasets/deep-2M-gt-1000.npy,2000000,2M,hnsw
860,860,1.0,2137785,fractals-1,/mnt/nas1/fvs_benchmark_datasets/deep-2M-gt-1000.npy,2000000,2M,hnsw
861,861,0.8,2591528,fractals-1,/mnt/nas1/fvs_benchmark_datasets/deep-2M-gt-1000.npy,2000000,2M,hnsw
862,862,1.0,2454678,fractals-1,/mnt/nas1/fvs_benchmark_datasets/deep-2M-gt-1000.npy,2000000,2M,hnsw
863,863,1.0,2450551,fractals-1,/mnt/nas1/fvs_benchmark_datasets/deep-2M-gt-1000.npy,2000000,2M,hnsw
864,864,1.0,2980618,fractals-1,/mnt/nas1/fvs_benchmark_datasets/deep-2M-gt-1000.npy,2000000,2M,hnsw
865,865,1.0,2389402,fractals-1,/mnt/nas1/fvs_benchmark_datasets/deep-2M-gt-1000.npy,2000000,2M,hnsw
866,866,1.0,1645558,fractals-1,/mnt/nas1/fvs_benchmark_datasets/deep-2M-gt-1000.npy,2000000,2M,hnsw
867,867,1.0,3084850,fractals-1,/mnt/nas1/fvs_benchmark_datasets/deep-2M-gt-1000.npy,2000000,2M,hnsw
868,868,0.95,2463261,fractals-1,/mnt/nas1/fvs_benchmark_datasets/deep-2M-gt-1000.npy,2000000,2M,hnsw
869,869,0.9,3228230,fractals-1,/mnt/nas1/fvs_benchmark_datasets/deep-2M-gt-1000.npy,2000000,2M,hnsw
870,870,1.0,2634261,fractals-1,/mnt/nas1/fvs_benchmark_datasets/deep-2M-gt-1000.npy,2000000,2M,hnsw
871,871,1.0,2572479,fractals-1,/mnt/nas1/fvs_benchmark_datasets/deep-2M-gt-1000.npy,2000000,2M,hnsw
872,872,1.0,3302432,fractals-1,/mnt/nas1/fvs_benchmark_datasets/deep-2M-gt-1000.npy,2000000,2M,hnsw
873,873,1.0,1925721,fractals-1,/mnt/nas1/fvs_benchmark_datasets/deep-2M-gt-1000.npy,2000000,2M,hnsw
874,874,1.0,3002094,fractals-1,/mnt/nas1/fvs_benchmark_datasets/deep-2M-gt-1000.npy,2000000,2M,hnsw
875,875,0.95,3188172,fractals-1,/mnt/nas1/fvs_benchmark_datasets/deep-2M-gt-1000.npy,2000000,2M,hnsw
876,876,1.0,3197994,fractals-1,/mnt/nas1/fvs_benchmark_datasets/deep-2M-gt-1000.npy,2000000,2M,hnsw
877,877,1.0,2168418,fractals-1,/mnt/nas1/fvs_benchmark_datasets/deep-2M-gt-1000.npy,2000000,2M,hnsw
878,878,1.0,2650286,fractals-1,/mnt/nas1/fvs_benchmark_datasets/deep-2M-gt-1000.npy,2000000,2M,hnsw
879,879,1.0,1454458,fractals-1,/mnt/nas1/fvs_benchmark_datasets/deep-2M-gt-1000.npy,2000000,2M,hnsw
880,880,1.0,2305851,fractals-1,/mnt/nas1/fvs_benchmark_datasets/deep-2M-gt-1000.npy,2000000,2M,hnsw
881,881,1.0,2355441,fractals-1,/mnt/nas1/fvs_benchmark_datasets/deep-2M-gt-1000.npy,2000000,2M,hnsw
882,882,1.0,4905451,fractals-1,/mnt/nas1/fvs_benchmark_datasets/deep-2M-gt-1000.npy,2000000,2M,hnsw
883,883,1.0,3599858,fractals-1,/mnt/nas1/fvs_benchmark_datasets/deep-2M-gt-1000.npy,2000000,2M,hnsw
884,884,1.0,1154062,fractals-1,/mnt/nas1/fvs_benchmark_datasets/deep-2M-gt-1000.npy,2000000,2M,hnsw
885,885,1.0,3429454,fractals-1,/mnt/nas1/fvs_benchmark_datasets/deep-2M-gt-1000.npy,2000000,2M,hnsw
886,886,1.0,2341588,fractals-1,/mnt/nas1/fvs_benchmark_datasets/deep-2M-gt-1000.npy,2000000,2M,hnsw
887,887,1.0,3265894,fractals-1,/mnt/nas1/fvs_benchmark_datasets/deep-2M-gt-1000.npy,2000000,2M,hnsw
888,888,1.0,3325710,fractals-1,/mnt/nas1/fvs_benchmark_datasets/deep-2M-gt-1000.npy,2000000,2M,hnsw
889,889,1.0,3502944,fractals-1,/mnt/nas1/fvs_benchmark_datasets/deep-2M-gt-1000.npy,2000000,2M,hnsw
890,890,1.0,3120225,fractals-1,/mnt/nas1/fvs_benchmark_datasets/deep-2M-gt-1000.npy,2000000,2M,hnsw
891,891,0.95,2831921,fractals-1,/mnt/nas1/fvs_benchmark_datasets/deep-2M-gt-1000.npy,2000000,2M,hnsw
892,892,1.0,2359600,fractals-1,/mnt/nas1/fvs_benchmark_datasets/deep-2M-gt-1000.npy,2000000,2M,hnsw
893,893,1.0,1712783,fractals-1,/mnt/nas1/fvs_benchmark_datasets/deep-2M-gt-1000.npy,2000000,2M,hnsw
894,894,1.0,3035633,fractals-1,/mnt/nas1/fvs_benchmark_datasets/deep-2M-gt-1000.npy,2000000,2M,hnsw
895,895,1.0,1875965,fractals-1,/mnt/nas1/fvs_benchmark_datasets/deep-2M-gt-1000.npy,2000000,2M,hnsw
896,896,1.0,1971171,fractals-1,/mnt/nas1/fvs_benchmark_datasets/deep-2M-gt-1000.npy,2000000,2M,hnsw
897,897,1.0,2402412,fractals-1,/mnt/nas1/fvs_benchmark_datasets/deep-2M-gt-1000.npy,2000000,2M,hnsw
898,898,1.0,2743717,fractals-1,/mnt/nas1/fvs_benchmark_datasets/deep-2M-gt-1000.npy,2000000,2M,hnsw
899,899,1.0,3185728,fractals-1,/mnt/nas1/fvs_benchmark_datasets/deep-2M-gt-1000.npy,2000000,2M,hnsw
900,900,1.0,2235976,fractals-1,/mnt/nas1/fvs_benchmark_datasets/deep-2M-gt-1000.npy,2000000,2M,hnsw
901,901,1.0,1880693,fractals-1,/mnt/nas1/fvs_benchmark_datasets/deep-2M-gt-1000.npy,2000000,2M,hnsw
902,902,0.95,3104825,fractals-1,/mnt/nas1/fvs_benchmark_datasets/deep-2M-gt-1000.npy,2000000,2M,hnsw
903,903,1.0,2141793,fractals-1,/mnt/nas1/fvs_benchmark_datasets/deep-2M-gt-1000.npy,2000000,2M,hnsw
904,904,1.0,2344677,fractals-1,/mnt/nas1/fvs_benchmark_datasets/deep-2M-gt-1000.npy,2000000,2M,hnsw
905,905,1.0,1474330,fractals-1,/mnt/nas1/fvs_benchmark_datasets/deep-2M-gt-1000.npy,2000000,2M,hnsw
906,906,1.0,2399449,fractals-1,/mnt/nas1/fvs_benchmark_datasets/deep-2M-gt-1000.npy,2000000,2M,hnsw
907,907,1.0,2972160,fractals-1,/mnt/nas1/fvs_benchmark_datasets/deep-2M-gt-1000.npy,2000000,2M,hnsw
908,908,1.0,3082833,fractals-1,/mnt/nas1/fvs_benchmark_datasets/deep-2M-gt-1000.npy,2000000,2M,hnsw
909,909,1.0,2489786,fractals-1,/mnt/nas1/fvs_benchmark_datasets/deep-2M-gt-1000.npy,2000000,2M,hnsw
910,910,1.0,2312570,fractals-1,/mnt/nas1/fvs_benchmark_datasets/deep-2M-gt-1000.npy,2000000,2M,hnsw
911,911,1.0,3321472,fractals-1,/mnt/nas1/fvs_benchmark_datasets/deep-2M-gt-1000.npy,2000000,2M,hnsw
912,912,0.95,3153878,fractals-1,/mnt/nas1/fvs_benchmark_datasets/deep-2M-gt-1000.npy,2000000,2M,hnsw
913,913,1.0,3253634,fractals-1,/mnt/nas1/fvs_benchmark_datasets/deep-2M-gt-1000.npy,2000000,2M,hnsw
914,914,1.0,2603051,fractals-1,/mnt/nas1/fvs_benchmark_datasets/deep-2M-gt-1000.npy,2000000,2M,hnsw
915,915,1.0,3012896,fractals-1,/mnt/nas1/fvs_benchmark_datasets/deep-2M-gt-1000.npy,2000000,2M,hnsw
916,916,1.0,1617195,fractals-1,/mnt/nas1/fvs_benchmark_datasets/deep-2M-gt-1000.npy,2000000,2M,hnsw
917,917,1.0,3568317,fractals-1,/mnt/nas1/fvs_benchmark_datasets/deep-2M-gt-1000.npy,2000000,2M,hnsw
918,918,1.0,3234149,fractals-1,/mnt/nas1/fvs_benchmark_datasets/deep-2M-gt-1000.npy,2000000,2M,hnsw
919,919,1.0,1596096,fractals-1,/mnt/nas1/fvs_benchmark_datasets/deep-2M-gt-1000.npy,2000000,2M,hnsw
920,920,1.0,2135626,fractals-1,/mnt/nas1/fvs_benchmark_datasets/deep-2M-gt-1000.npy,2000000,2M,hnsw
921,921,1.0,2634098,fractals-1,/mnt/nas1/fvs_benchmark_datasets/deep-2M-gt-1000.npy,2000000,2M,hnsw
922,922,0.9,4648497,fractals-1,/mnt/nas1/fvs_benchmark_datasets/deep-2M-gt-1000.npy,2000000,2M,hnsw
923,923,0.7,3950924,fractals-1,/mnt/nas1/fvs_benchmark_datasets/deep-2M-gt-1000.npy,2000000,2M,hnsw
924,924,1.0,3429710,fractals-1,/mnt/nas1/fvs_benchmark_datasets/deep-2M-gt-1000.npy,2000000,2M,hnsw
925,925,0.95,3298607,fractals-1,/mnt/nas1/fvs_benchmark_datasets/deep-2M-gt-1000.npy,2000000,2M,hnsw
926,926,1.0,2877406,fractals-1,/mnt/nas1/fvs_benchmark_datasets/deep-2M-gt-1000.npy,2000000,2M,hnsw
927,927,1.0,2826843,fractals-1,/mnt/nas1/fvs_benchmark_datasets/deep-2M-gt-1000.npy,2000000,2M,hnsw
928,928,1.0,2275750,fractals-1,/mnt/nas1/fvs_benchmark_datasets/deep-2M-gt-1000.npy,2000000,2M,hnsw
929,929,1.0,2538192,fractals-1,/mnt/nas1/fvs_benchmark_datasets/deep-2M-gt-1000.npy,2000000,2M,hnsw
930,930,1.0,2589490,fractals-1,/mnt/nas1/fvs_benchmark_datasets/deep-2M-gt-1000.npy,2000000,2M,hnsw
931,931,1.0,1503181,fractals-1,/mnt/nas1/fvs_benchmark_datasets/deep-2M-gt-1000.npy,2000000,2M,hnsw
932,932,1.0,2048401,fractals-1,/mnt/nas1/fvs_benchmark_datasets/deep-2M-gt-1000.npy,2000000,2M,hnsw
933,933,1.0,3532506,fractals-1,/mnt/nas1/fvs_benchmark_datasets/deep-2M-gt-1000.npy,2000000,2M,hnsw
934,934,1.0,2568756,fractals-1,/mnt/nas1/fvs_benchmark_datasets/deep-2M-gt-1000.npy,2000000,2M,hnsw
935,935,1.0,3008406,fractals-1,/mnt/nas1/fvs_benchmark_datasets/deep-2M-gt-1000.npy,2000000,2M,hnsw
936,936,1.0,2487013,fractals-1,/mnt/nas1/fvs_benchmark_datasets/deep-2M-gt-1000.npy,2000000,2M,hnsw
937,937,1.0,2551765,fractals-1,/mnt/nas1/fvs_benchmark_datasets/deep-2M-gt-1000.npy,2000000,2M,hnsw
938,938,0.95,2132136,fractals-1,/mnt/nas1/fvs_benchmark_datasets/deep-2M-gt-1000.npy,2000000,2M,hnsw
939,939,1.0,3029083,fractals-1,/mnt/nas1/fvs_benchmark_datasets/deep-2M-gt-1000.npy,2000000,2M,hnsw
940,940,1.0,2590973,fractals-1,/mnt/nas1/fvs_benchmark_datasets/deep-2M-gt-1000.npy,2000000,2M,hnsw
941,941,1.0,2019616,fractals-1,/mnt/nas1/fvs_benchmark_datasets/deep-2M-gt-1000.npy,2000000,2M,hnsw
942,942,0.9,2223454,fractals-1,/mnt/nas1/fvs_benchmark_datasets/deep-2M-gt-1000.npy,2000000,2M,hnsw
943,943,1.0,2912920,fractals-1,/mnt/nas1/fvs_benchmark_datasets/deep-2M-gt-1000.npy,2000000,2M,hnsw
944,944,1.0,2140009,fractals-1,/mnt/nas1/fvs_benchmark_datasets/deep-2M-gt-1000.npy,2000000,2M,hnsw
945,945,1.0,2116547,fractals-1,/mnt/nas1/fvs_benchmark_datasets/deep-2M-gt-1000.npy,2000000,2M,hnsw
946,946,1.0,2460843,fractals-1,/mnt/nas1/fvs_benchmark_datasets/deep-2M-gt-1000.npy,2000000,2M,hnsw
947,947,0.95,3201895,fractals-1,/mnt/nas1/fvs_benchmark_datasets/deep-2M-gt-1000.npy,2000000,2M,hnsw
948,948,1.0,1931403,fractals-1,/mnt/nas1/fvs_benchmark_datasets/deep-2M-gt-1000.npy,2000000,2M,hnsw
949,949,1.0,3745600,fractals-1,/mnt/nas1/fvs_benchmark_datasets/deep-2M-gt-1000.npy,2000000,2M,hnsw
950,950,1.0,2762447,fractals-1,/mnt/nas1/fvs_benchmark_datasets/deep-2M-gt-1000.npy,2000000,2M,hnsw
951,951,1.0,2554100,fractals-1,/mnt/nas1/fvs_benchmark_datasets/deep-2M-gt-1000.npy,2000000,2M,hnsw
952,952,1.0,2311873,fractals-1,/mnt/nas1/fvs_benchmark_datasets/deep-2M-gt-1000.npy,2000000,2M,hnsw
953,953,1.0,994545,fractals-1,/mnt/nas1/fvs_benchmark_datasets/deep-2M-gt-1000.npy,2000000,2M,hnsw
954,954,1.0,2742698,fractals-1,/mnt/nas1/fvs_benchmark_datasets/deep-2M-gt-1000.npy,2000000,2M,hnsw
955,955,1.0,2900836,fractals-1,/mnt/nas1/fvs_benchmark_datasets/deep-2M-gt-1000.npy,2000000,2M,hnsw
956,956,1.0,2606062,fractals-1,/mnt/nas1/fvs_benchmark_datasets/deep-2M-gt-1000.npy,2000000,2M,hnsw
957,957,1.0,2638713,fractals-1,/mnt/nas1/fvs_benchmark_datasets/deep-2M-gt-1000.npy,2000000,2M,hnsw
958,958,1.0,1932507,fractals-1,/mnt/nas1/fvs_benchmark_datasets/deep-2M-gt-1000.npy,2000000,2M,hnsw
959,959,1.0,1915634,fractals-1,/mnt/nas1/fvs_benchmark_datasets/deep-2M-gt-1000.npy,2000000,2M,hnsw
960,960,1.0,3060923,fractals-1,/mnt/nas1/fvs_benchmark_datasets/deep-2M-gt-1000.npy,2000000,2M,hnsw
961,961,1.0,2893810,fractals-1,/mnt/nas1/fvs_benchmark_datasets/deep-2M-gt-1000.npy,2000000,2M,hnsw
962,962,1.0,1944581,fractals-1,/mnt/nas1/fvs_benchmark_datasets/deep-2M-gt-1000.npy,2000000,2M,hnsw
963,963,1.0,1217074,fractals-1,/mnt/nas1/fvs_benchmark_datasets/deep-2M-gt-1000.npy,2000000,2M,hnsw
964,964,1.0,2097799,fractals-1,/mnt/nas1/fvs_benchmark_datasets/deep-2M-gt-1000.npy,2000000,2M,hnsw
965,965,1.0,3287571,fractals-1,/mnt/nas1/fvs_benchmark_datasets/deep-2M-gt-1000.npy,2000000,2M,hnsw
966,966,0.9,1972723,fractals-1,/mnt/nas1/fvs_benchmark_datasets/deep-2M-gt-1000.npy,2000000,2M,hnsw
967,967,1.0,2263626,fractals-1,/mnt/nas1/fvs_benchmark_datasets/deep-2M-gt-1000.npy,2000000,2M,hnsw
968,968,1.0,2558133,fractals-1,/mnt/nas1/fvs_benchmark_datasets/deep-2M-gt-1000.npy,2000000,2M,hnsw
969,969,1.0,985866,fractals-1,/mnt/nas1/fvs_benchmark_datasets/deep-2M-gt-1000.npy,2000000,2M,hnsw
970,970,1.0,2955988,fractals-1,/mnt/nas1/fvs_benchmark_datasets/deep-2M-gt-1000.npy,2000000,2M,hnsw
971,971,1.0,1512885,fractals-1,/mnt/nas1/fvs_benchmark_datasets/deep-2M-gt-1000.npy,2000000,2M,hnsw
972,972,1.0,2148894,fractals-1,/mnt/nas1/fvs_benchmark_datasets/deep-2M-gt-1000.npy,2000000,2M,hnsw
973,973,1.0,2886205,fractals-1,/mnt/nas1/fvs_benchmark_datasets/deep-2M-gt-1000.npy,2000000,2M,hnsw
974,974,1.0,2473515,fractals-1,/mnt/nas1/fvs_benchmark_datasets/deep-2M-gt-1000.npy,2000000,2M,hnsw
975,975,1.0,2792402,fractals-1,/mnt/nas1/fvs_benchmark_datasets/deep-2M-gt-1000.npy,2000000,2M,hnsw
976,976,0.8,4057637,fractals-1,/mnt/nas1/fvs_benchmark_datasets/deep-2M-gt-1000.npy,2000000,2M,hnsw
977,977,0.9,2162355,fractals-1,/mnt/nas1/fvs_benchmark_datasets/deep-2M-gt-1000.npy,2000000,2M,hnsw
978,978,1.0,2917529,fractals-1,/mnt/nas1/fvs_benchmark_datasets/deep-2M-gt-1000.npy,2000000,2M,hnsw
979,979,0.9,3671327,fractals-1,/mnt/nas1/fvs_benchmark_datasets/deep-2M-gt-1000.npy,2000000,2M,hnsw
980,980,1.0,3831581,fractals-1,/mnt/nas1/fvs_benchmark_datasets/deep-2M-gt-1000.npy,2000000,2M,hnsw
981,981,1.0,3321092,fractals-1,/mnt/nas1/fvs_benchmark_datasets/deep-2M-gt-1000.npy,2000000,2M,hnsw
982,982,1.0,2177370,fractals-1,/mnt/nas1/fvs_benchmark_datasets/deep-2M-gt-1000.npy,2000000,2M,hnsw
983,983,1.0,1789884,fractals-1,/mnt/nas1/fvs_benchmark_datasets/deep-2M-gt-1000.npy,2000000,2M,hnsw
984,984,1.0,4342712,fractals-1,/mnt/nas1/fvs_benchmark_datasets/deep-2M-gt-1000.npy,2000000,2M,hnsw
985,985,1.0,2520293,fractals-1,/mnt/nas1/fvs_benchmark_datasets/deep-2M-gt-1000.npy,2000000,2M,hnsw
986,986,1.0,2438378,fractals-1,/mnt/nas1/fvs_benchmark_datasets/deep-2M-gt-1000.npy,2000000,2M,hnsw
987,987,1.0,2037146,fractals-1,/mnt/nas1/fvs_benchmark_datasets/deep-2M-gt-1000.npy,2000000,2M,hnsw
988,988,1.0,2526347,fractals-1,/mnt/nas1/fvs_benchmark_datasets/deep-2M-gt-1000.npy,2000000,2M,hnsw
989,989,1.0,2040397,fractals-1,/mnt/nas1/fvs_benchmark_datasets/deep-2M-gt-1000.npy,2000000,2M,hnsw
990,990,1.0,2326974,fractals-1,/mnt/nas1/fvs_benchmark_datasets/deep-2M-gt-1000.npy,2000000,2M,hnsw
991,991,1.0,2432974,fractals-1,/mnt/nas1/fvs_benchmark_datasets/deep-2M-gt-1000.npy,2000000,2M,hnsw
992,992,1.0,1414504,fractals-1,/mnt/nas1/fvs_benchmark_datasets/deep-2M-gt-1000.npy,2000000,2M,hnsw
993,993,1.0,2339902,fractals-1,/mnt/nas1/fvs_benchmark_datasets/deep-2M-gt-1000.npy,2000000,2M,hnsw
994,994,1.0,2716495,fractals-1,/mnt/nas1/fvs_benchmark_datasets/deep-2M-gt-1000.npy,2000000,2M,hnsw
995,995,0.95,2911455,fractals-1,/mnt/nas1/fvs_benchmark_datasets/deep-2M-gt-1000.npy,2000000,2M,hnsw
996,996,1.0,2966476,fractals-1,/mnt/nas1/fvs_benchmark_datasets/deep-2M-gt-1000.npy,2000000,2M,hnsw
997,997,1.0,2731104,fractals-1,/mnt/nas1/fvs_benchmark_datasets/deep-2M-gt-1000.npy,2000000,2M,hnsw
998,998,1.0,2367534,fractals-1,/mnt/nas1/fvs_benchmark_datasets/deep-2M-gt-1000.npy,2000000,2M,hnsw
999,999,1.0,2534055,fractals-1,/mnt/nas1/fvs_benchmark_datasets/deep-2M-gt-1000.npy,2000000,2M,hnsw
